"LOCATION","Country","SUBJECT","Subject","SEX","Sex","FREQUENCY","Frequency","TIME","Time","Unit Code","Unit","PowerCode Code","PowerCode","Reference Period Code","Reference Period","Value","Flag Codes","Flags"
"NZL","New Zealand","YP99TLL1_ST","Population (hist5) All ages","TT","All persons","A","Annual","2000","2000","PER","Persons","0","Units",,,3857700,,
"NZL","New Zealand","YP99TLL1_ST","Population (hist5) All ages","TT","All persons","A","Annual","2001","2001","PER","Persons","0","Units",,,3880500,,
"NZL","New Zealand","YP99TLL1_ST","Population (hist5) All ages","TT","All persons","A","Annual","2002","2002","PER","Persons","0","Units",,,3948500,,
"NZL","New Zealand","YP99TLL1_ST","Population (hist5) All ages","TT","All persons","A","Annual","2003","2003","PER","Persons","0","Units",,,4027200,,
"NZL","New Zealand","YP99TLL1_ST","Population (hist5) All ages","TT","All persons","A","Annual","2004","2004","PER","Persons","0","Units",,,4087500,,
"NZL","New Zealand","YP99TLL1_ST","Population (hist5) All ages","TT","All persons","A","Annual","2005","2005","PER","Persons","0","Units",,,4133900,,
"NZL","New Zealand","YP99TLL1_ST","Population (hist5) All ages","TT","All persons","A","Annual","2006","2006","PER","Persons","0","Units",,,4184600,,
"NZL","New Zealand","YP99TLL1_ST","Population (hist5) All ages","TT","All persons","A","Annual","2007","2007","PER","Persons","0","Units",,,4223800,,
"NZL","New Zealand","YP99TLL1_ST","Population (hist5) All ages","TT","All persons","A","Annual","2008","2008","PER","Persons","0","Units",,,4259800,,
"NZL","New Zealand","YP99TLL1_ST","Population (hist5) All ages","TT","All persons","A","Annual","2009","2009","PER","Persons","0","Units",,,4302600,,
"NZL","New Zealand","YP99TLL1_ST","Population (hist5) All ages","TT","All persons","A","Annual","2010","2010","PER","Persons","0","Units",,,4350700,,
"NZL","New Zealand","YP99TLL1_ST","Population (hist5) All ages","TT","All persons","A","Annual","2011","2011","PER","Persons","0","Units",,,4384000,,
"NZL","New Zealand","YP99TLL1_ST","Population (hist5) All ages","TT","All persons","A","Annual","2012","2012","PER","Persons","0","Units",,,4408100,,
"NZL","New Zealand","YP99TLL1_ST","Population (hist5) All ages","TT","All persons","A","Annual","2013","2013","PER","Persons","0","Units",,,4442100,,
"NZL","New Zealand","YP99TLL1_ST","Population (hist5) All ages","TT","All persons","A","Annual","2014","2014","PER","Persons","0","Units",,,4509700,"B","Break"
"SVK","Slovak Republic","YP99TLL1_ST","Population (hist5) All ages","TT","All persons","A","Annual","2000","2000","PER","Persons","0","Units",,,5388720,,
"SVK","Slovak Republic","YP99TLL1_ST","Population (hist5) All ages","TT","All persons","A","Annual","2001","2001","PER","Persons","0","Units",,,5378867,,
"SVK","Slovak Republic","YP99TLL1_ST","Population (hist5) All ages","TT","All persons","A","Annual","2002","2002","PER","Persons","0","Units",,,5376912,,
"SVK","Slovak Republic","YP99TLL1_ST","Population (hist5) All ages","TT","All persons","A","Annual","2003","2003","PER","Persons","0","Units",,,5373374,,
"SVK","Slovak Republic","YP99TLL1_ST","Population (hist5) All ages","TT","All persons","A","Annual","2004","2004","PER","Persons","0","Units",,,5372280,,
"SVK","Slovak Republic","YP99TLL1_ST","Population (hist5) All ages","TT","All persons","A","Annual","2005","2005","PER","Persons","0","Units",,,5372806,,
"SVK","Slovak Republic","YP99TLL1_ST","Population (hist5) All ages","TT","All persons","A","Annual","2006","2006","PER","Persons","0","Units",,,5373054,,
"SVK","Slovak Republic","YP99TLL1_ST","Population (hist5) All ages","TT","All persons","A","Annual","2007","2007","PER","Persons","0","Units",,,5374622,,
"SVK","Slovak Republic","YP99TLL1_ST","Population (hist5) All ages","TT","All persons","A","Annual","2008","2008","PER","Persons","0","Units",,,5379232,,
"SVK","Slovak Republic","YP99TLL1_ST","Population (hist5) All ages","TT","All persons","A","Annual","2009","2009","PER","Persons","0","Units",,,5386405,,
"SVK","Slovak Republic","YP99TLL1_ST","Population (hist5) All ages","TT","All persons","A","Annual","2010","2010","PER","Persons","0","Units",,,5391428,,
"SVK","Slovak Republic","YP99TLL1_ST","Population (hist5) All ages","TT","All persons","A","Annual","2011","2011","PER","Persons","0","Units",,,5398384,,
"SVK","Slovak Republic","YP99TLL1_ST","Population (hist5) All ages","TT","All persons","A","Annual","2012","2012","PER","Persons","0","Units",,,5407579,,
"SVK","Slovak Republic","YP99TLL1_ST","Population (hist5) All ages","TT","All persons","A","Annual","2013","2013","PER","Persons","0","Units",,,5415949,,
"HUN","Hungary","YP99TLL1_ST","Population (hist5) All ages","TT","All persons","A","Annual","2000","2000","PER","Persons","0","Units",,,10210970,,
"HUN","Hungary","YP99TLL1_ST","Population (hist5) All ages","TT","All persons","A","Annual","2001","2001","PER","Persons","0","Units",,,10187580,,
"HUN","Hungary","YP99TLL1_ST","Population (hist5) All ages","TT","All persons","A","Annual","2002","2002","PER","Persons","0","Units",,,10158610,,
"HUN","Hungary","YP99TLL1_ST","Population (hist5) All ages","TT","All persons","A","Annual","2003","2003","PER","Persons","0","Units",,,10129550,,
"HUN","Hungary","YP99TLL1_ST","Population (hist5) All ages","TT","All persons","A","Annual","2004","2004","PER","Persons","0","Units",,,10107150,,
"HUN","Hungary","YP99TLL1_ST","Population (hist5) All ages","TT","All persons","A","Annual","2005","2005","PER","Persons","0","Units",,,10087070,,
"HUN","Hungary","YP99TLL1_ST","Population (hist5) All ages","TT","All persons","A","Annual","2006","2006","PER","Persons","0","Units",,,10071370,,
"HUN","Hungary","YP99TLL1_ST","Population (hist5) All ages","TT","All persons","A","Annual","2007","2007","PER","Persons","0","Units",,,10055780,,
"HUN","Hungary","YP99TLL1_ST","Population (hist5) All ages","TT","All persons","A","Annual","2008","2008","PER","Persons","0","Units",,,10038190,,
"HUN","Hungary","YP99TLL1_ST","Population (hist5) All ages","TT","All persons","A","Annual","2009","2009","PER","Persons","0","Units",,,10022650,,
"HUN","Hungary","YP99TLL1_ST","Population (hist5) All ages","TT","All persons","A","Annual","2010","2010","PER","Persons","0","Units",,,10000020,,
"HUN","Hungary","YP99TLL1_ST","Population (hist5) All ages","TT","All persons","A","Annual","2011","2011","PER","Persons","0","Units",,,9958823,,
"HUN","Hungary","YP99TLL1_ST","Population (hist5) All ages","TT","All persons","A","Annual","2012","2012","PER","Persons","0","Units",,,9920361,,
"HUN","Hungary","YP99TLL1_ST","Population (hist5) All ages","TT","All persons","A","Annual","2013","2013","PER","Persons","0","Units",,,9886774,"B","Break"
"NOR","Norway","YP99TLL1_ST","Population (hist5) All ages","TT","All persons","A","Annual","2000","2000","PER","Persons","0","Units",,,4490966,,
"NOR","Norway","YP99TLL1_ST","Population (hist5) All ages","TT","All persons","A","Annual","2001","2001","PER","Persons","0","Units",,,4513751,,
"NOR","Norway","YP99TLL1_ST","Population (hist5) All ages","TT","All persons","A","Annual","2002","2002","PER","Persons","0","Units",,,4538159,,
"NOR","Norway","YP99TLL1_ST","Population (hist5) All ages","TT","All persons","A","Annual","2003","2003","PER","Persons","0","Units",,,4564854,,
"NOR","Norway","YP99TLL1_ST","Population (hist5) All ages","TT","All persons","A","Annual","2004","2004","PER","Persons","0","Units",,,4591910,,
"NOR","Norway","YP99TLL1_ST","Population (hist5) All ages","TT","All persons","A","Annual","2005","2005","PER","Persons","0","Units",,,4623291,,
"NOR","Norway","YP99TLL1_ST","Population (hist5) All ages","TT","All persons","A","Annual","2006","2006","PER","Persons","0","Units",,,4660676,,
"NOR","Norway","YP99TLL1_ST","Population (hist5) All ages","TT","All persons","A","Annual","2007","2007","PER","Persons","0","Units",,,4709152,,
"NOR","Norway","YP99TLL1_ST","Population (hist5) All ages","TT","All persons","A","Annual","2008","2008","PER","Persons","0","Units",,,4768211,,
"NOR","Norway","YP99TLL1_ST","Population (hist5) All ages","TT","All persons","A","Annual","2009","2009","PER","Persons","0","Units",,,4828725,,
"NOR","Norway","YP99TLL1_ST","Population (hist5) All ages","TT","All persons","A","Annual","2010","2010","PER","Persons","0","Units",,,4889252,,
"NOR","Norway","YP99TLL1_ST","Population (hist5) All ages","TT","All persons","A","Annual","2011","2011","PER","Persons","0","Units",,,4953000,,
"NOR","Norway","YP99TLL1_ST","Population (hist5) All ages","TT","All persons","A","Annual","2012","2012","PER","Persons","0","Units",,,5019000,,
"NOR","Norway","YP99TLL1_ST","Population (hist5) All ages","TT","All persons","A","Annual","2013","2013","PER","Persons","0","Units",,,5080000,,
"NOR","Norway","YP99TLL1_ST","Population (hist5) All ages","TT","All persons","A","Annual","2014","2014","PER","Persons","0","Units",,,5137000,"B","Break"
"USA","United States","YP99TLL1_ST","Population (hist5) All ages","TT","All persons","A","Annual","2000","2000","PER","Persons","0","Units",,,282162400,,
"USA","United States","YP99TLL1_ST","Population (hist5) All ages","TT","All persons","A","Annual","2001","2001","PER","Persons","0","Units",,,284969000,,
"USA","United States","YP99TLL1_ST","Population (hist5) All ages","TT","All persons","A","Annual","2002","2002","PER","Persons","0","Units",,,287625200,,
"USA","United States","YP99TLL1_ST","Population (hist5) All ages","TT","All persons","A","Annual","2003","2003","PER","Persons","0","Units",,,290107900,,
"USA","United States","YP99TLL1_ST","Population (hist5) All ages","TT","All persons","A","Annual","2004","2004","PER","Persons","0","Units",,,292805300,,
"USA","United States","YP99TLL1_ST","Population (hist5) All ages","TT","All persons","A","Annual","2005","2005","PER","Persons","0","Units",,,295516600,,
"USA","United States","YP99TLL1_ST","Population (hist5) All ages","TT","All persons","A","Annual","2006","2006","PER","Persons","0","Units",,,298379900,,
"USA","United States","YP99TLL1_ST","Population (hist5) All ages","TT","All persons","A","Annual","2007","2007","PER","Persons","0","Units",,,301231200,,
"USA","United States","YP99TLL1_ST","Population (hist5) All ages","TT","All persons","A","Annual","2008","2008","PER","Persons","0","Units",,,304094000,,
"USA","United States","YP99TLL1_ST","Population (hist5) All ages","TT","All persons","A","Annual","2009","2009","PER","Persons","0","Units",,,306771500,,
"USA","United States","YP99TLL1_ST","Population (hist5) All ages","TT","All persons","A","Annual","2010","2010","PER","Persons","0","Units",,,309347100,,
"USA","United States","YP99TLL1_ST","Population (hist5) All ages","TT","All persons","A","Annual","2011","2011","PER","Persons","0","Units",,,311721600,,
"USA","United States","YP99TLL1_ST","Population (hist5) All ages","TT","All persons","A","Annual","2012","2012","PER","Persons","0","Units",,,314112100,,
"USA","United States","YP99TLL1_ST","Population (hist5) All ages","TT","All persons","A","Annual","2013","2013","PER","Persons","0","Units",,,316497500,,
"USA","United States","YP99TLL1_ST","Population (hist5) All ages","TT","All persons","A","Annual","2014","2014","PER","Persons","0","Units",,,318857100,"B","Break"
"AUT","Austria","YP99TLL1_ST","Population (hist5) All ages","TT","All persons","A","Annual","2000","2000","PER","Persons","0","Units",,,8011566,,
"AUT","Austria","YP99TLL1_ST","Population (hist5) All ages","TT","All persons","A","Annual","2001","2001","PER","Persons","0","Units",,,8042293,,
"AUT","Austria","YP99TLL1_ST","Population (hist5) All ages","TT","All persons","A","Annual","2002","2002","PER","Persons","0","Units",,,8082121,,
"AUT","Austria","YP99TLL1_ST","Population (hist5) All ages","TT","All persons","A","Annual","2003","2003","PER","Persons","0","Units",,,8118245,,
"AUT","Austria","YP99TLL1_ST","Population (hist5) All ages","TT","All persons","A","Annual","2004","2004","PER","Persons","0","Units",,,8169441,,
"AUT","Austria","YP99TLL1_ST","Population (hist5) All ages","TT","All persons","A","Annual","2005","2005","PER","Persons","0","Units",,,8225278,,
"AUT","Austria","YP99TLL1_ST","Population (hist5) All ages","TT","All persons","A","Annual","2006","2006","PER","Persons","0","Units",,,8267948,,
"AUT","Austria","YP99TLL1_ST","Population (hist5) All ages","TT","All persons","A","Annual","2007","2007","PER","Persons","0","Units",,,8295189,,
"AUT","Austria","YP99TLL1_ST","Population (hist5) All ages","TT","All persons","A","Annual","2008","2008","PER","Persons","0","Units",,,8321541,,
"AUT","Austria","YP99TLL1_ST","Population (hist5) All ages","TT","All persons","A","Annual","2009","2009","PER","Persons","0","Units",,,8341483,,
"AUT","Austria","YP99TLL1_ST","Population (hist5) All ages","TT","All persons","A","Annual","2010","2010","PER","Persons","0","Units",,,8361069,,
"AUT","Austria","YP99TLL1_ST","Population (hist5) All ages","TT","All persons","A","Annual","2011","2011","PER","Persons","0","Units",,,8388534,,
"AUT","Austria","YP99TLL1_ST","Population (hist5) All ages","TT","All persons","A","Annual","2012","2012","PER","Persons","0","Units",,,8426311,,
"AUT","Austria","YP99TLL1_ST","Population (hist5) All ages","TT","All persons","A","Annual","2013","2013","PER","Persons","0","Units",,,8468570,"B","Break"
"LUX","Luxembourg","YP99TLL1_ST","Population (hist5) All ages","TT","All persons","A","Annual","2000","2000","PER","Persons","0","Units",,,436300,,
"LUX","Luxembourg","YP99TLL1_ST","Population (hist5) All ages","TT","All persons","A","Annual","2001","2001","PER","Persons","0","Units",,,441525,,
"LUX","Luxembourg","YP99TLL1_ST","Population (hist5) All ages","TT","All persons","A","Annual","2002","2002","PER","Persons","0","Units",,,446175,,
"LUX","Luxembourg","YP99TLL1_ST","Population (hist5) All ages","TT","All persons","A","Annual","2003","2003","PER","Persons","0","Units",,,451630,,
"LUX","Luxembourg","YP99TLL1_ST","Population (hist5) All ages","TT","All persons","A","Annual","2004","2004","PER","Persons","0","Units",,,458095,,
"LUX","Luxembourg","YP99TLL1_ST","Population (hist5) All ages","TT","All persons","A","Annual","2005","2005","PER","Persons","0","Units",,,465158,,
"LUX","Luxembourg","YP99TLL1_ST","Population (hist5) All ages","TT","All persons","A","Annual","2006","2006","PER","Persons","0","Units",,,472636,,
"LUX","Luxembourg","YP99TLL1_ST","Population (hist5) All ages","TT","All persons","A","Annual","2007","2007","PER","Persons","0","Units",,,479993,,
"LUX","Luxembourg","YP99TLL1_ST","Population (hist5) All ages","TT","All persons","A","Annual","2008","2008","PER","Persons","0","Units",,,488649,,
"LUX","Luxembourg","YP99TLL1_ST","Population (hist5) All ages","TT","All persons","A","Annual","2009","2009","PER","Persons","0","Units",,,497783,,
"LUX","Luxembourg","YP99TLL1_ST","Population (hist5) All ages","TT","All persons","A","Annual","2010","2010","PER","Persons","0","Units",,,506953,,
"LUX","Luxembourg","YP99TLL1_ST","Population (hist5) All ages","TT","All persons","A","Annual","2011","2011","PER","Persons","0","Units",,,518346,,
"LUX","Luxembourg","YP99TLL1_ST","Population (hist5) All ages","TT","All persons","A","Annual","2012","2012","PER","Persons","0","Units",,,530946,"B","Break"
"JPN","Japan","YP99TLL1_ST","Population (hist5) All ages","TT","All persons","A","Annual","2000","2000","PER","Persons","0","Units",,,126926000,,
"JPN","Japan","YP99TLL1_ST","Population (hist5) All ages","TT","All persons","A","Annual","2001","2001","PER","Persons","0","Units",,,127291000,,
"JPN","Japan","YP99TLL1_ST","Population (hist5) All ages","TT","All persons","A","Annual","2002","2002","PER","Persons","0","Units",,,127435000,,
"JPN","Japan","YP99TLL1_ST","Population (hist5) All ages","TT","All persons","A","Annual","2003","2003","PER","Persons","0","Units",,,127619000,,
"JPN","Japan","YP99TLL1_ST","Population (hist5) All ages","TT","All persons","A","Annual","2004","2004","PER","Persons","0","Units",,,127687000,,
"JPN","Japan","YP99TLL1_ST","Population (hist5) All ages","TT","All persons","A","Annual","2005","2005","PER","Persons","0","Units",,,127768000,,
"JPN","Japan","YP99TLL1_ST","Population (hist5) All ages","TT","All persons","A","Annual","2006","2006","PER","Persons","0","Units",,,127770000,,
"JPN","Japan","YP99TLL1_ST","Population (hist5) All ages","TT","All persons","A","Annual","2007","2007","PER","Persons","0","Units",,,127771000,,
"JPN","Japan","YP99TLL1_ST","Population (hist5) All ages","TT","All persons","A","Annual","2008","2008","PER","Persons","0","Units",,,127692000,,
"JPN","Japan","YP99TLL1_ST","Population (hist5) All ages","TT","All persons","A","Annual","2009","2009","PER","Persons","0","Units",,,127510000,,
"JPN","Japan","YP99TLL1_ST","Population (hist5) All ages","TT","All persons","A","Annual","2010","2010","PER","Persons","0","Units",,,128057000,,
"JPN","Japan","YP99TLL1_ST","Population (hist5) All ages","TT","All persons","A","Annual","2011","2011","PER","Persons","0","Units",,,127799000,,
"JPN","Japan","YP99TLL1_ST","Population (hist5) All ages","TT","All persons","A","Annual","2012","2012","PER","Persons","0","Units",,,127515000,,
"JPN","Japan","YP99TLL1_ST","Population (hist5) All ages","TT","All persons","A","Annual","2013","2013","PER","Persons","0","Units",,,127298000,"B","Break"
"DNK","Denmark","YP99TLL1_ST","Population (hist5) All ages","TT","All persons","A","Annual","2000","2000","PER","Persons","0","Units",,,5339616,,
"DNK","Denmark","YP99TLL1_ST","Population (hist5) All ages","TT","All persons","A","Annual","2001","2001","PER","Persons","0","Units",,,5358783,,
"DNK","Denmark","YP99TLL1_ST","Population (hist5) All ages","TT","All persons","A","Annual","2002","2002","PER","Persons","0","Units",,,5375931,,
"DNK","Denmark","YP99TLL1_ST","Population (hist5) All ages","TT","All persons","A","Annual","2003","2003","PER","Persons","0","Units",,,5390574,,
"DNK","Denmark","YP99TLL1_ST","Population (hist5) All ages","TT","All persons","A","Annual","2004","2004","PER","Persons","0","Units",,,5404523,,
"DNK","Denmark","YP99TLL1_ST","Population (hist5) All ages","TT","All persons","A","Annual","2005","2005","PER","Persons","0","Units",,,5419432,,
"DNK","Denmark","YP99TLL1_ST","Population (hist5) All ages","TT","All persons","A","Annual","2006","2006","PER","Persons","0","Units",,,5437272,,
"DNK","Denmark","YP99TLL1_ST","Population (hist5) All ages","TT","All persons","A","Annual","2007","2007","PER","Persons","0","Units",,,5461438,,
"DNK","Denmark","YP99TLL1_ST","Population (hist5) All ages","TT","All persons","A","Annual","2008","2008","PER","Persons","0","Units",,,5493621,,
"DNK","Denmark","YP99TLL1_ST","Population (hist5) All ages","TT","All persons","A","Annual","2009","2009","PER","Persons","0","Units",,,5523095,,
"DNK","Denmark","YP99TLL1_ST","Population (hist5) All ages","TT","All persons","A","Annual","2010","2010","PER","Persons","0","Units",,,5547683,,
"DNK","Denmark","YP99TLL1_ST","Population (hist5) All ages","TT","All persons","A","Annual","2011","2011","PER","Persons","0","Units",,,5570572,,
"DNK","Denmark","YP99TLL1_ST","Population (hist5) All ages","TT","All persons","A","Annual","2012","2012","PER","Persons","0","Units",,,5591572,,
"DNK","Denmark","YP99TLL1_ST","Population (hist5) All ages","TT","All persons","A","Annual","2013","2013","PER","Persons","0","Units",,,5614932,"B","Break"
"SWE","Sweden","YP99TLL1_ST","Population (hist5) All ages","TT","All persons","A","Annual","2000","2000","PER","Persons","0","Units",,,8872109,,
"SWE","Sweden","YP99TLL1_ST","Population (hist5) All ages","TT","All persons","A","Annual","2001","2001","PER","Persons","0","Units",,,8895960,,
"SWE","Sweden","YP99TLL1_ST","Population (hist5) All ages","TT","All persons","A","Annual","2002","2002","PER","Persons","0","Units",,,8924958,,
"SWE","Sweden","YP99TLL1_ST","Population (hist5) All ages","TT","All persons","A","Annual","2003","2003","PER","Persons","0","Units",,,8958229,,
"SWE","Sweden","YP99TLL1_ST","Population (hist5) All ages","TT","All persons","A","Annual","2004","2004","PER","Persons","0","Units",,,8993531,,
"SWE","Sweden","YP99TLL1_ST","Population (hist5) All ages","TT","All persons","A","Annual","2005","2005","PER","Persons","0","Units",,,9029572,,
"SWE","Sweden","YP99TLL1_ST","Population (hist5) All ages","TT","All persons","A","Annual","2006","2006","PER","Persons","0","Units",,,9080504,,
"SWE","Sweden","YP99TLL1_ST","Population (hist5) All ages","TT","All persons","A","Annual","2007","2007","PER","Persons","0","Units",,,9148092,,
"SWE","Sweden","YP99TLL1_ST","Population (hist5) All ages","TT","All persons","A","Annual","2008","2008","PER","Persons","0","Units",,,9219637,,
"SWE","Sweden","YP99TLL1_ST","Population (hist5) All ages","TT","All persons","A","Annual","2009","2009","PER","Persons","0","Units",,,9298514,,
"SWE","Sweden","YP99TLL1_ST","Population (hist5) All ages","TT","All persons","A","Annual","2010","2010","PER","Persons","0","Units",,,9378126,,
"SWE","Sweden","YP99TLL1_ST","Population (hist5) All ages","TT","All persons","A","Annual","2011","2011","PER","Persons","0","Units",,,9449212,,
"SWE","Sweden","YP99TLL1_ST","Population (hist5) All ages","TT","All persons","A","Annual","2012","2012","PER","Persons","0","Units",,,9519374,,
"SWE","Sweden","YP99TLL1_ST","Population (hist5) All ages","TT","All persons","A","Annual","2013","2013","PER","Persons","0","Units",,,9609000,"B","Break"
"GBR","United Kingdom","YP99TLL1_ST","Population (hist5) All ages","TT","All persons","A","Annual","2000","2000","PER","Persons","0","Units",,,58886000,,
"GBR","United Kingdom","YP99TLL1_ST","Population (hist5) All ages","TT","All persons","A","Annual","2001","2001","PER","Persons","0","Units",,,59113000,"B","Break"
"GBR","United Kingdom","YP99TLL1_ST","Population (hist5) All ages","TT","All persons","A","Annual","2002","2002","PER","Persons","0","Units",,,58569630,,
"GBR","United Kingdom","YP99TLL1_ST","Population (hist5) All ages","TT","All persons","A","Annual","2003","2003","PER","Persons","0","Units",,,58838950,,
"GBR","United Kingdom","YP99TLL1_ST","Population (hist5) All ages","TT","All persons","A","Annual","2004","2004","PER","Persons","0","Units",,,59149120,,
"GBR","United Kingdom","YP99TLL1_ST","Population (hist5) All ages","TT","All persons","A","Annual","2005","2005","PER","Persons","0","Units",,,59591040,,
"GBR","United Kingdom","YP99TLL1_ST","Population (hist5) All ages","TT","All persons","A","Annual","2006","2006","PER","Persons","0","Units",,,60002570,,
"GBR","United Kingdom","YP99TLL1_ST","Population (hist5) All ages","TT","All persons","A","Annual","2007","2007","PER","Persons","0","Units",,,60481820,,
"GBR","United Kingdom","YP99TLL1_ST","Population (hist5) All ages","TT","All persons","A","Annual","2008","2008","PER","Persons","0","Units",,,60982380,,
"GBR","United Kingdom","YP99TLL1_ST","Population (hist5) All ages","TT","All persons","A","Annual","2009","2009","PER","Persons","0","Units",,,61423720,,
"GBR","United Kingdom","YP99TLL1_ST","Population (hist5) All ages","TT","All persons","A","Annual","2010","2010","PER","Persons","0","Units",,,61914640,,
"GBR","United Kingdom","YP99TLL1_ST","Population (hist5) All ages","TT","All persons","A","Annual","2011","2011","PER","Persons","0","Units",,,62435200,,
"GBR","United Kingdom","YP99TLL1_ST","Population (hist5) All ages","TT","All persons","A","Annual","2012","2012","PER","Persons","0","Units",,,62858800,,
"GBR","United Kingdom","YP99TLL1_ST","Population (hist5) All ages","TT","All persons","A","Annual","2013","2013","PER","Persons","0","Units",,,63237940,,
"GBR","United Kingdom","YP99TLL1_ST","Population (hist5) All ages","TT","All persons","A","Annual","2014","2014","PER","Persons","0","Units",,,63650010,"B","Break"
"ISL","Iceland","YP99TLL1_ST","Population (hist5) All ages","TT","All persons","A","Annual","2000","2000","PER","Persons","0","Units",,,281154,,
"ISL","Iceland","YP99TLL1_ST","Population (hist5) All ages","TT","All persons","A","Annual","2001","2001","PER","Persons","0","Units",,,285054,,
"ISL","Iceland","YP99TLL1_ST","Population (hist5) All ages","TT","All persons","A","Annual","2002","2002","PER","Persons","0","Units",,,287559,,
"ISL","Iceland","YP99TLL1_ST","Population (hist5) All ages","TT","All persons","A","Annual","2003","2003","PER","Persons","0","Units",,,289272,,
"ISL","Iceland","YP99TLL1_ST","Population (hist5) All ages","TT","All persons","A","Annual","2004","2004","PER","Persons","0","Units",,,292587,,
"ISL","Iceland","YP99TLL1_ST","Population (hist5) All ages","TT","All persons","A","Annual","2005","2005","PER","Persons","0","Units",,,295864,,
"ISL","Iceland","YP99TLL1_ST","Population (hist5) All ages","TT","All persons","A","Annual","2006","2006","PER","Persons","0","Units",,,304334,,
"ISL","Iceland","YP99TLL1_ST","Population (hist5) All ages","TT","All persons","A","Annual","2007","2007","PER","Persons","0","Units",,,311396,,
"ISL","Iceland","YP99TLL1_ST","Population (hist5) All ages","TT","All persons","A","Annual","2008","2008","PER","Persons","0","Units",,,319355,,
"ISL","Iceland","YP99TLL1_ST","Population (hist5) All ages","TT","All persons","A","Annual","2009","2009","PER","Persons","0","Units",,,319246,,
"ISL","Iceland","YP99TLL1_ST","Population (hist5) All ages","TT","All persons","A","Annual","2010","2010","PER","Persons","0","Units",,,318006,,
"ISL","Iceland","YP99TLL1_ST","Population (hist5) All ages","TT","All persons","A","Annual","2011","2011","PER","Persons","0","Units",,,319013.5,"B","Break"
"BRA","Brazil","YP99TLL1_ST","Population (hist5) All ages","TT","All persons","A","Annual","2000","2000","PER","Persons","0","Units",,,171279900,,
"BRA","Brazil","YP99TLL1_ST","Population (hist5) All ages","TT","All persons","A","Annual","2001","2001","PER","Persons","0","Units",,,173808000,,
"BRA","Brazil","YP99TLL1_ST","Population (hist5) All ages","TT","All persons","A","Annual","2002","2002","PER","Persons","0","Units",,,176303900,,
"BRA","Brazil","YP99TLL1_ST","Population (hist5) All ages","TT","All persons","A","Annual","2003","2003","PER","Persons","0","Units",,,178741400,,
"BRA","Brazil","YP99TLL1_ST","Population (hist5) All ages","TT","All persons","A","Annual","2004","2004","PER","Persons","0","Units",,,181105600,,
"BRA","Brazil","YP99TLL1_ST","Population (hist5) All ages","TT","All persons","A","Annual","2005","2005","PER","Persons","0","Units",,,183383200,,
"BRA","Brazil","YP99TLL1_ST","Population (hist5) All ages","TT","All persons","A","Annual","2006","2006","PER","Persons","0","Units",,,185564200,,
"BRA","Brazil","YP99TLL1_ST","Population (hist5) All ages","TT","All persons","A","Annual","2007","2007","PER","Persons","0","Units",,,187641700,,
"BRA","Brazil","YP99TLL1_ST","Population (hist5) All ages","TT","All persons","A","Annual","2008","2008","PER","Persons","0","Units",,,189612800,,
"BRA","Brazil","YP99TLL1_ST","Population (hist5) All ages","TT","All persons","A","Annual","2009","2009","PER","Persons","0","Units",,,191480600,,
"BRA","Brazil","YP99TLL1_ST","Population (hist5) All ages","TT","All persons","A","Annual","2010","2010","PER","Persons","0","Units",,,193252600,,
"BRA","Brazil","YP99TLL1_ST","Population (hist5) All ages","TT","All persons","A","Annual","2011","2011","PER","Persons","0","Units",,,194932700,,
"BRA","Brazil","YP99TLL1_ST","Population (hist5) All ages","TT","All persons","A","Annual","2012","2012","PER","Persons","0","Units",,,196526300,,
"KOR","Korea","YP99TLL1_ST","Population (hist5) All ages","TT","All persons","A","Annual","2000","2000","PER","Persons","0","Units",,,47008110,,
"KOR","Korea","YP99TLL1_ST","Population (hist5) All ages","TT","All persons","A","Annual","2001","2001","PER","Persons","0","Units",,,47357360,,
"KOR","Korea","YP99TLL1_ST","Population (hist5) All ages","TT","All persons","A","Annual","2002","2002","PER","Persons","0","Units",,,47622180,,
"KOR","Korea","YP99TLL1_ST","Population (hist5) All ages","TT","All persons","A","Annual","2003","2003","PER","Persons","0","Units",,,47859310,,
"KOR","Korea","YP99TLL1_ST","Population (hist5) All ages","TT","All persons","A","Annual","2004","2004","PER","Persons","0","Units",,,48039420,,
"KOR","Korea","YP99TLL1_ST","Population (hist5) All ages","TT","All persons","A","Annual","2005","2005","PER","Persons","0","Units",,,48138080,,
"KOR","Korea","YP99TLL1_ST","Population (hist5) All ages","TT","All persons","A","Annual","2006","2006","PER","Persons","0","Units",,,48371940,,
"KOR","Korea","YP99TLL1_ST","Population (hist5) All ages","TT","All persons","A","Annual","2007","2007","PER","Persons","0","Units",,,48597650,,
"KOR","Korea","YP99TLL1_ST","Population (hist5) All ages","TT","All persons","A","Annual","2008","2008","PER","Persons","0","Units",,,48948700,,
"KOR","Korea","YP99TLL1_ST","Population (hist5) All ages","TT","All persons","A","Annual","2009","2009","PER","Persons","0","Units",,,49182040,,
"KOR","Korea","YP99TLL1_ST","Population (hist5) All ages","TT","All persons","A","Annual","2010","2010","PER","Persons","0","Units",,,49410370,,
"KOR","Korea","YP99TLL1_ST","Population (hist5) All ages","TT","All persons","A","Annual","2011","2011","PER","Persons","0","Units",,,49779440,,
"KOR","Korea","YP99TLL1_ST","Population (hist5) All ages","TT","All persons","A","Annual","2012","2012","PER","Persons","0","Units",,,50004440,,
"KOR","Korea","YP99TLL1_ST","Population (hist5) All ages","TT","All persons","A","Annual","2013","2013","PER","Persons","0","Units",,,50219670,,
"KOR","Korea","YP99TLL1_ST","Population (hist5) All ages","TT","All persons","A","Annual","2014","2014","PER","Persons","0","Units",,,50423960,"B","Break"
"ESP","Spain","YP99TLL1_ST","Population (hist5) All ages","TT","All persons","A","Annual","2000","2000","PER","Persons","0","Units",,,40554390,,
"ESP","Spain","YP99TLL1_ST","Population (hist5) All ages","TT","All persons","A","Annual","2001","2001","PER","Persons","0","Units",,,40766050,,
"ESP","Spain","YP99TLL1_ST","Population (hist5) All ages","TT","All persons","A","Annual","2002","2002","PER","Persons","0","Units",,,41423520,,
"ESP","Spain","YP99TLL1_ST","Population (hist5) All ages","TT","All persons","A","Annual","2003","2003","PER","Persons","0","Units",,,42196230,,
"ESP","Spain","YP99TLL1_ST","Population (hist5) All ages","TT","All persons","A","Annual","2004","2004","PER","Persons","0","Units",,,42859170,,
"ESP","Spain","YP99TLL1_ST","Population (hist5) All ages","TT","All persons","A","Annual","2005","2005","PER","Persons","0","Units",,,43662610,,
"ESP","Spain","YP99TLL1_ST","Population (hist5) All ages","TT","All persons","A","Annual","2006","2006","PER","Persons","0","Units",,,44360520,,
"ESP","Spain","YP99TLL1_ST","Population (hist5) All ages","TT","All persons","A","Annual","2007","2007","PER","Persons","0","Units",,,45236000,,
"ESP","Spain","YP99TLL1_ST","Population (hist5) All ages","TT","All persons","A","Annual","2008","2008","PER","Persons","0","Units",,,45983170,,
"ESP","Spain","YP99TLL1_ST","Population (hist5) All ages","TT","All persons","A","Annual","2009","2009","PER","Persons","0","Units",,,46367550,,
"ESP","Spain","YP99TLL1_ST","Population (hist5) All ages","TT","All persons","A","Annual","2010","2010","PER","Persons","0","Units",,,46562480,,
"ESP","Spain","YP99TLL1_ST","Population (hist5) All ages","TT","All persons","A","Annual","2011","2011","PER","Persons","0","Units",,,46736260,,
"ESP","Spain","YP99TLL1_ST","Population (hist5) All ages","TT","All persons","A","Annual","2012","2012","PER","Persons","0","Units",,,46766400,,
"ESP","Spain","YP99TLL1_ST","Population (hist5) All ages","TT","All persons","A","Annual","2013","2013","PER","Persons","0","Units",,,46593240,,
"ESP","Spain","YP99TLL1_ST","Population (hist5) All ages","TT","All persons","A","Annual","2014","2014","PER","Persons","0","Units",,,46464050,"B","Break"
"SVN","Slovenia","YP99TLL1_ST","Population (hist5) All ages","TT","All persons","A","Annual","2000","2000","PER","Persons","0","Units",,,1990272,,
"SVN","Slovenia","YP99TLL1_ST","Population (hist5) All ages","TT","All persons","A","Annual","2001","2001","PER","Persons","0","Units",,,1992035,,
"SVN","Slovenia","YP99TLL1_ST","Population (hist5) All ages","TT","All persons","A","Annual","2002","2002","PER","Persons","0","Units",,,1995718,,
"SVN","Slovenia","YP99TLL1_ST","Population (hist5) All ages","TT","All persons","A","Annual","2003","2003","PER","Persons","0","Units",,,1996773,,
"SVN","Slovenia","YP99TLL1_ST","Population (hist5) All ages","TT","All persons","A","Annual","2004","2004","PER","Persons","0","Units",,,1997004,,
"SVN","Slovenia","YP99TLL1_ST","Population (hist5) All ages","TT","All persons","A","Annual","2005","2005","PER","Persons","0","Units",,,2001114,,
"SVN","Slovenia","YP99TLL1_ST","Population (hist5) All ages","TT","All persons","A","Annual","2006","2006","PER","Persons","0","Units",,,2008516,,
"SVN","Slovenia","YP99TLL1_ST","Population (hist5) All ages","TT","All persons","A","Annual","2007","2007","PER","Persons","0","Units",,,2019406,,
"SVN","Slovenia","YP99TLL1_ST","Population (hist5) All ages","TT","All persons","A","Annual","2008","2008","PER","Persons","0","Units",,,2022629,,
"SVN","Slovenia","YP99TLL1_ST","Population (hist5) All ages","TT","All persons","A","Annual","2009","2009","PER","Persons","0","Units",,,2042335,,
"SVN","Slovenia","YP99TLL1_ST","Population (hist5) All ages","TT","All persons","A","Annual","2010","2010","PER","Persons","0","Units",,,2049261,,
"SVN","Slovenia","YP99TLL1_ST","Population (hist5) All ages","TT","All persons","A","Annual","2011","2011","PER","Persons","0","Units",,,2052496,,
"SVN","Slovenia","YP99TLL1_ST","Population (hist5) All ages","TT","All persons","A","Annual","2012","2012","PER","Persons","0","Units",,,2056262,,
"SVN","Slovenia","YP99TLL1_ST","Population (hist5) All ages","TT","All persons","A","Annual","2013","2013","PER","Persons","0","Units",,,2059114,,
"SVN","Slovenia","YP99TLL1_ST","Population (hist5) All ages","TT","All persons","A","Annual","2014","2014","PER","Persons","0","Units",,,2061623,"B","Break"
"ITA","Italy","YP99TLL1_ST","Population (hist5) All ages","TT","All persons","A","Annual","2000","2000","PER","Persons","0","Units",,,56942110,,
"ITA","Italy","YP99TLL1_ST","Population (hist5) All ages","TT","All persons","A","Annual","2001","2001","PER","Persons","0","Units",,,56977220,,
"ITA","Italy","YP99TLL1_ST","Population (hist5) All ages","TT","All persons","A","Annual","2002","2002","PER","Persons","0","Units",,,57157410,,
"ITA","Italy","YP99TLL1_ST","Population (hist5) All ages","TT","All persons","A","Annual","2003","2003","PER","Persons","0","Units",,,57604660,,
"ITA","Italy","YP99TLL1_ST","Population (hist5) All ages","TT","All persons","A","Annual","2004","2004","PER","Persons","0","Units",,,58175310,,
"ITA","Italy","YP99TLL1_ST","Population (hist5) All ages","TT","All persons","A","Annual","2005","2005","PER","Persons","0","Units",,,58607040,,
"ITA","Italy","YP99TLL1_ST","Population (hist5) All ages","TT","All persons","A","Annual","2006","2006","PER","Persons","0","Units",,,58941500,,
"ITA","Italy","YP99TLL1_ST","Population (hist5) All ages","TT","All persons","A","Annual","2007","2007","PER","Persons","0","Units",,,59375290,,
"ITA","Italy","YP99TLL1_ST","Population (hist5) All ages","TT","All persons","A","Annual","2008","2008","PER","Persons","0","Units",,,59832180,,
"ITA","Italy","YP99TLL1_ST","Population (hist5) All ages","TT","All persons","A","Annual","2009","2009","PER","Persons","0","Units",,,60192700,,
"ITA","Italy","YP99TLL1_ST","Population (hist5) All ages","TT","All persons","A","Annual","2010","2010","PER","Persons","0","Units",,,60483380,"B","Break"
"ITA","Italy","YP99TLL1_ST","Population (hist5) All ages","TT","All persons","A","Annual","2011","2011","PER","Persons","0","Units",,,60626440,,
"ITA","Italy","YP99TLL1_ST","Population (hist5) All ages","TT","All persons","A","Annual","2012","2012","PER","Persons","0","Units",,,60916200,,
"ITA","Italy","YP99TLL1_ST","Population (hist5) All ages","TT","All persons","A","Annual","2013","2013","PER","Persons","0","Units",,,61178360,,
"EST","Estonia","YP99TLL1_ST","Population (hist5) All ages","TT","All persons","A","Annual","2000","2000","PER","Persons","0","Units",,,1379342,,
"EST","Estonia","YP99TLL1_ST","Population (hist5) All ages","TT","All persons","A","Annual","2001","2001","PER","Persons","0","Units",,,1373510,,
"EST","Estonia","YP99TLL1_ST","Population (hist5) All ages","TT","All persons","A","Annual","2002","2002","PER","Persons","0","Units",,,1367507,,
"EST","Estonia","YP99TLL1_ST","Population (hist5) All ages","TT","All persons","A","Annual","2003","2003","PER","Persons","0","Units",,,1361564,,
"EST","Estonia","YP99TLL1_ST","Population (hist5) All ages","TT","All persons","A","Annual","2004","2004","PER","Persons","0","Units",,,1356152,,
"EST","Estonia","YP99TLL1_ST","Population (hist5) All ages","TT","All persons","A","Annual","2005","2005","PER","Persons","0","Units",,,1351231,,
"EST","Estonia","YP99TLL1_ST","Population (hist5) All ages","TT","All persons","A","Annual","2006","2006","PER","Persons","0","Units",,,1346034,,
"EST","Estonia","YP99TLL1_ST","Population (hist5) All ages","TT","All persons","A","Annual","2007","2007","PER","Persons","0","Units",,,1342330,,
"EST","Estonia","YP99TLL1_ST","Population (hist5) All ages","TT","All persons","A","Annual","2008","2008","PER","Persons","0","Units",,,1340264,,
"EST","Estonia","YP99TLL1_ST","Population (hist5) All ages","TT","All persons","A","Annual","2009","2009","PER","Persons","0","Units",,,1338497,,
"EST","Estonia","YP99TLL1_ST","Population (hist5) All ages","TT","All persons","A","Annual","2010","2010","PER","Persons","0","Units",,,1336886,,
"EST","Estonia","YP99TLL1_ST","Population (hist5) All ages","TT","All persons","A","Annual","2011","2011","PER","Persons","0","Units",,,1334947,,
"EST","Estonia","YP99TLL1_ST","Population (hist5) All ages","TT","All persons","A","Annual","2012","2012","PER","Persons","0","Units",,,1329301,,
"EST","Estonia","YP99TLL1_ST","Population (hist5) All ages","TT","All persons","A","Annual","2013","2013","PER","Persons","0","Units",,,1320174,"B","Break"
"CZE","Czech Republic","YP99TLL1_ST","Population (hist5) All ages","TT","All persons","A","Annual","2000","2000","PER","Persons","0","Units",,,10272500,,
"CZE","Czech Republic","YP99TLL1_ST","Population (hist5) All ages","TT","All persons","A","Annual","2001","2001","PER","Persons","0","Units",,,10224190,,
"CZE","Czech Republic","YP99TLL1_ST","Population (hist5) All ages","TT","All persons","A","Annual","2002","2002","PER","Persons","0","Units",,,10200770,,
"CZE","Czech Republic","YP99TLL1_ST","Population (hist5) All ages","TT","All persons","A","Annual","2003","2003","PER","Persons","0","Units",,,10201650,,
"CZE","Czech Republic","YP99TLL1_ST","Population (hist5) All ages","TT","All persons","A","Annual","2004","2004","PER","Persons","0","Units",,,10206920,,
"CZE","Czech Republic","YP99TLL1_ST","Population (hist5) All ages","TT","All persons","A","Annual","2005","2005","PER","Persons","0","Units",,,10234090,,
"CZE","Czech Republic","YP99TLL1_ST","Population (hist5) All ages","TT","All persons","A","Annual","2006","2006","PER","Persons","0","Units",,,10266650,,
"CZE","Czech Republic","YP99TLL1_ST","Population (hist5) All ages","TT","All persons","A","Annual","2007","2007","PER","Persons","0","Units",,,10322690,,
"CZE","Czech Republic","YP99TLL1_ST","Population (hist5) All ages","TT","All persons","A","Annual","2008","2008","PER","Persons","0","Units",,,10429690,,
"CZE","Czech Republic","YP99TLL1_ST","Population (hist5) All ages","TT","All persons","A","Annual","2009","2009","PER","Persons","0","Units",,,10491490,,
"CZE","Czech Republic","YP99TLL1_ST","Population (hist5) All ages","TT","All persons","A","Annual","2010","2010","PER","Persons","0","Units",,,10517250,,
"CZE","Czech Republic","YP99TLL1_ST","Population (hist5) All ages","TT","All persons","A","Annual","2011","2011","PER","Persons","0","Units",,,10496670,,
"CZE","Czech Republic","YP99TLL1_ST","Population (hist5) All ages","TT","All persons","A","Annual","2012","2012","PER","Persons","0","Units",,,10509290,,
"CZE","Czech Republic","YP99TLL1_ST","Population (hist5) All ages","TT","All persons","A","Annual","2013","2013","PER","Persons","0","Units",,,10510720,,
"CZE","Czech Republic","YP99TLL1_ST","Population (hist5) All ages","TT","All persons","A","Annual","2014","2014","PER","Persons","0","Units",,,10524780,"B","Break"
"FRA","France","YP99TLL1_ST","Population (hist5) All ages","TT","All persons","A","Annual","2000","2000","PER","Persons","0","Units",,,59062380,,
"FRA","France","YP99TLL1_ST","Population (hist5) All ages","TT","All persons","A","Annual","2001","2001","PER","Persons","0","Units",,,59476240,,
"FRA","France","YP99TLL1_ST","Population (hist5) All ages","TT","All persons","A","Annual","2002","2002","PER","Persons","0","Units",,,59893870,,
"FRA","France","YP99TLL1_ST","Population (hist5) All ages","TT","All persons","A","Annual","2003","2003","PER","Persons","0","Units",,,60303630,,
"FRA","France","YP99TLL1_ST","Population (hist5) All ages","TT","All persons","A","Annual","2004","2004","PER","Persons","0","Units",,,60734340,,
"FRA","France","YP99TLL1_ST","Population (hist5) All ages","TT","All persons","A","Annual","2005","2005","PER","Persons","0","Units",,,61181500,,
"FRA","France","YP99TLL1_ST","Population (hist5) All ages","TT","All persons","A","Annual","2006","2006","PER","Persons","0","Units",,,61597480,,
"FRA","France","YP99TLL1_ST","Population (hist5) All ages","TT","All persons","A","Annual","2007","2007","PER","Persons","0","Units",,,61965050,,
"FRA","France","YP99TLL1_ST","Population (hist5) All ages","TT","All persons","A","Annual","2008","2008","PER","Persons","0","Units",,,62300290,,
"FRA","France","YP99TLL1_ST","Population (hist5) All ages","TT","All persons","A","Annual","2009","2009","PER","Persons","0","Units",,,62615470,,
"FRA","France","YP99TLL1_ST","Population (hist5) All ages","TT","All persons","A","Annual","2010","2010","PER","Persons","0","Units",,,62917790,,
"FRA","France","YP99TLL1_ST","Population (hist5) All ages","TT","All persons","A","Annual","2011","2011","PER","Persons","0","Units",,,63223160,,
"FRA","France","YP99TLL1_ST","Population (hist5) All ages","TT","All persons","A","Annual","2012","2012","PER","Persons","0","Units",,,63514000,,
"FRA","France","YP99TLL1_ST","Population (hist5) All ages","TT","All persons","A","Annual","2013","2013","PER","Persons","0","Units",,,63786140,,
"FRA","France","YP99TLL1_ST","Population (hist5) All ages","TT","All persons","A","Annual","2014","2014","PER","Persons","0","Units",,,64062250,"B","Break"
"CHE","Switzerland","YP99TLL1_ST","Population (hist5) All ages","TT","All persons","A","Annual","2000","2000","PER","Persons","0","Units",,,7184250,,
"CHE","Switzerland","YP99TLL1_ST","Population (hist5) All ages","TT","All persons","A","Annual","2001","2001","PER","Persons","0","Units",,,7226647,,
"CHE","Switzerland","YP99TLL1_ST","Population (hist5) All ages","TT","All persons","A","Annual","2002","2002","PER","Persons","0","Units",,,7284754,,
"CHE","Switzerland","YP99TLL1_ST","Population (hist5) All ages","TT","All persons","A","Annual","2003","2003","PER","Persons","0","Units",,,7339002,,
"CHE","Switzerland","YP99TLL1_ST","Population (hist5) All ages","TT","All persons","A","Annual","2004","2004","PER","Persons","0","Units",,,7389626,,
"CHE","Switzerland","YP99TLL1_ST","Population (hist5) All ages","TT","All persons","A","Annual","2005","2005","PER","Persons","0","Units",,,7437116,,
"CHE","Switzerland","YP99TLL1_ST","Population (hist5) All ages","TT","All persons","A","Annual","2006","2006","PER","Persons","0","Units",,,7483935,,
"CHE","Switzerland","YP99TLL1_ST","Population (hist5) All ages","TT","All persons","A","Annual","2007","2007","PER","Persons","0","Units",,,7551117,,
"CHE","Switzerland","YP99TLL1_ST","Population (hist5) All ages","TT","All persons","A","Annual","2008","2008","PER","Persons","0","Units",,,7647676,,
"CHE","Switzerland","YP99TLL1_ST","Population (hist5) All ages","TT","All persons","A","Annual","2009","2009","PER","Persons","0","Units",,,7744000,,
"CHE","Switzerland","YP99TLL1_ST","Population (hist5) All ages","TT","All persons","A","Annual","2010","2010","PER","Persons","0","Units",,,7827970,,
"CHE","Switzerland","YP99TLL1_ST","Population (hist5) All ages","TT","All persons","A","Annual","2011","2011","PER","Persons","0","Units",,,7912398,"B","Break"
"MEX","Mexico","YP99TLL1_ST","Population (hist5) All ages","TT","All persons","A","Annual","2000","2000","PER","Persons","0","Units",,,100895800,,
"MEX","Mexico","YP99TLL1_ST","Population (hist5) All ages","TT","All persons","A","Annual","2001","2001","PER","Persons","0","Units",,,102122300,,
"MEX","Mexico","YP99TLL1_ST","Population (hist5) All ages","TT","All persons","A","Annual","2002","2002","PER","Persons","0","Units",,,103417900,,
"MEX","Mexico","YP99TLL1_ST","Population (hist5) All ages","TT","All persons","A","Annual","2003","2003","PER","Persons","0","Units",,,104719900,,
"MEX","Mexico","YP99TLL1_ST","Population (hist5) All ages","TT","All persons","A","Annual","2004","2004","PER","Persons","0","Units",,,105951600,,
"MEX","Mexico","YP99TLL1_ST","Population (hist5) All ages","TT","All persons","A","Annual","2005","2005","PER","Persons","0","Units",,,107151000,,
"MEX","Mexico","YP99TLL1_ST","Population (hist5) All ages","TT","All persons","A","Annual","2006","2006","PER","Persons","0","Units",,,108408800,,
"MEX","Mexico","YP99TLL1_ST","Population (hist5) All ages","TT","All persons","A","Annual","2007","2007","PER","Persons","0","Units",,,109787400,,
"MEX","Mexico","YP99TLL1_ST","Population (hist5) All ages","TT","All persons","A","Annual","2008","2008","PER","Persons","0","Units",,,111299000,,
"MEX","Mexico","YP99TLL1_ST","Population (hist5) All ages","TT","All persons","A","Annual","2009","2009","PER","Persons","0","Units",,,112852600,,
"MEX","Mexico","YP99TLL1_ST","Population (hist5) All ages","TT","All persons","A","Annual","2010","2010","PER","Persons","0","Units",,,114255600,,
"MEX","Mexico","YP99TLL1_ST","Population (hist5) All ages","TT","All persons","A","Annual","2011","2011","PER","Persons","0","Units",,,115682900,,
"MEX","Mexico","YP99TLL1_ST","Population (hist5) All ages","TT","All persons","A","Annual","2012","2012","PER","Persons","0","Units",,,117053800,,
"MEX","Mexico","YP99TLL1_ST","Population (hist5) All ages","TT","All persons","A","Annual","2013","2013","PER","Persons","0","Units",,,118395100,,
"ZAF","South Africa","YP99TLL1_ST","Population (hist5) All ages","TT","All persons","A","Annual","2000","2000","PER","Persons","0","Units",,,44846290,,
"ZAF","South Africa","YP99TLL1_ST","Population (hist5) All ages","TT","All persons","A","Annual","2001","2001","PER","Persons","0","Units",,,45513220,,
"ZAF","South Africa","YP99TLL1_ST","Population (hist5) All ages","TT","All persons","A","Annual","2002","2002","PER","Persons","0","Units",,,46187790,,
"ZAF","South Africa","YP99TLL1_ST","Population (hist5) All ages","TT","All persons","A","Annual","2003","2003","PER","Persons","0","Units",,,46869030,,
"ZAF","South Africa","YP99TLL1_ST","Population (hist5) All ages","TT","All persons","A","Annual","2004","2004","PER","Persons","0","Units",,,47553020,,
"ZAF","South Africa","YP99TLL1_ST","Population (hist5) All ages","TT","All persons","A","Annual","2005","2005","PER","Persons","0","Units",,,48235290,,
"ZAF","South Africa","YP99TLL1_ST","Population (hist5) All ages","TT","All persons","A","Annual","2006","2006","PER","Persons","0","Units",,,48919360,,
"ZAF","South Africa","YP99TLL1_ST","Population (hist5) All ages","TT","All persons","A","Annual","2007","2007","PER","Persons","0","Units",,,49602780,,
"ZAF","South Africa","YP99TLL1_ST","Population (hist5) All ages","TT","All persons","A","Annual","2008","2008","PER","Persons","0","Units",,,50267490,,
"ZAF","South Africa","YP99TLL1_ST","Population (hist5) All ages","TT","All persons","A","Annual","2009","2009","PER","Persons","0","Units",,,50889540,,
"ZAF","South Africa","YP99TLL1_ST","Population (hist5) All ages","TT","All persons","A","Annual","2010","2010","PER","Persons","0","Units",,,51452350,,
"ZAF","South Africa","YP99TLL1_ST","Population (hist5) All ages","TT","All persons","A","Annual","2011","2011","PER","Persons","0","Units",,,51949040,,
"ZAF","South Africa","YP99TLL1_ST","Population (hist5) All ages","TT","All persons","A","Annual","2012","2012","PER","Persons","0","Units",,,52385920,,
"CHL","Chile","YP99TLL1_ST","Population (hist5) All ages","TT","All persons","A","Annual","2000","2000","PER","Persons","0","Units",,,15397780,,
"CHL","Chile","YP99TLL1_ST","Population (hist5) All ages","TT","All persons","A","Annual","2001","2001","PER","Persons","0","Units",,,15571680,,
"CHL","Chile","YP99TLL1_ST","Population (hist5) All ages","TT","All persons","A","Annual","2002","2002","PER","Persons","0","Units",,,15745580,,
"CHL","Chile","YP99TLL1_ST","Population (hist5) All ages","TT","All persons","A","Annual","2003","2003","PER","Persons","0","Units",,,15919480,,
"CHL","Chile","YP99TLL1_ST","Population (hist5) All ages","TT","All persons","A","Annual","2004","2004","PER","Persons","0","Units",,,16093380,,
"CHL","Chile","YP99TLL1_ST","Population (hist5) All ages","TT","All persons","A","Annual","2005","2005","PER","Persons","0","Units",,,16267280,,
"CHL","Chile","YP99TLL1_ST","Population (hist5) All ages","TT","All persons","A","Annual","2006","2006","PER","Persons","0","Units",,,16432670,,
"CHL","Chile","YP99TLL1_ST","Population (hist5) All ages","TT","All persons","A","Annual","2007","2007","PER","Persons","0","Units",,,16598070,,
"CHL","Chile","YP99TLL1_ST","Population (hist5) All ages","TT","All persons","A","Annual","2008","2008","PER","Persons","0","Units",,,16763470,,
"CHL","Chile","YP99TLL1_ST","Population (hist5) All ages","TT","All persons","A","Annual","2009","2009","PER","Persons","0","Units",,,16928870,,
"CHL","Chile","YP99TLL1_ST","Population (hist5) All ages","TT","All persons","A","Annual","2010","2010","PER","Persons","0","Units",,,17094280,,
"CHL","Chile","YP99TLL1_ST","Population (hist5) All ages","TT","All persons","A","Annual","2011","2011","PER","Persons","0","Units",,,17248450,,
"CHL","Chile","YP99TLL1_ST","Population (hist5) All ages","TT","All persons","A","Annual","2012","2012","PER","Persons","0","Units",,,17402630,,
"CHL","Chile","YP99TLL1_ST","Population (hist5) All ages","TT","All persons","A","Annual","2013","2013","PER","Persons","0","Units",,,17556820,,
"ISR","Israel","YP99TLL1_ST","Population (hist5) All ages","TT","All persons","A","Annual","2000","2000","PER","Persons","0","Units",,,6289200,,
"ISR","Israel","YP99TLL1_ST","Population (hist5) All ages","TT","All persons","A","Annual","2001","2001","PER","Persons","0","Units",,,6439000,,
"ISR","Israel","YP99TLL1_ST","Population (hist5) All ages","TT","All persons","A","Annual","2002","2002","PER","Persons","0","Units",,,6570000,,
"ISR","Israel","YP99TLL1_ST","Population (hist5) All ages","TT","All persons","A","Annual","2003","2003","PER","Persons","0","Units",,,6689700,,
"ISR","Israel","YP99TLL1_ST","Population (hist5) All ages","TT","All persons","A","Annual","2004","2004","PER","Persons","0","Units",,,6809000,,
"ISR","Israel","YP99TLL1_ST","Population (hist5) All ages","TT","All persons","A","Annual","2005","2005","PER","Persons","0","Units",,,6930100,,
"ISR","Israel","YP99TLL1_ST","Population (hist5) All ages","TT","All persons","A","Annual","2006","2006","PER","Persons","0","Units",,,7053700,,
"ISR","Israel","YP99TLL1_ST","Population (hist5) All ages","TT","All persons","A","Annual","2007","2007","PER","Persons","0","Units",,,7180100,,
"ISR","Israel","YP99TLL1_ST","Population (hist5) All ages","TT","All persons","A","Annual","2008","2008","PER","Persons","0","Units",,,7308800,,
"ISR","Israel","YP99TLL1_ST","Population (hist5) All ages","TT","All persons","A","Annual","2009","2009","PER","Persons","0","Units",,,7485600,,
"ISR","Israel","YP99TLL1_ST","Population (hist5) All ages","TT","All persons","A","Annual","2010","2010","PER","Persons","0","Units",,,7623600,,
"ISR","Israel","YP99TLL1_ST","Population (hist5) All ages","TT","All persons","A","Annual","2011","2011","PER","Persons","0","Units",,,7765800,,
"ISR","Israel","YP99TLL1_ST","Population (hist5) All ages","TT","All persons","A","Annual","2012","2012","PER","Persons","0","Units",,,7910500,,
"ISR","Israel","YP99TLL1_ST","Population (hist5) All ages","TT","All persons","A","Annual","2013","2013","PER","Persons","0","Units",,,8059456,"B","Break"
"PRT","Portugal","YP99TLL1_ST","Population (hist5) All ages","TT","All persons","A","Annual","2000","2000","PER","Persons","0","Units",,,10289900,,
"PRT","Portugal","YP99TLL1_ST","Population (hist5) All ages","TT","All persons","A","Annual","2001","2001","PER","Persons","0","Units",,,10362720,,
"PRT","Portugal","YP99TLL1_ST","Population (hist5) All ages","TT","All persons","A","Annual","2002","2002","PER","Persons","0","Units",,,10419630,,
"PRT","Portugal","YP99TLL1_ST","Population (hist5) All ages","TT","All persons","A","Annual","2003","2003","PER","Persons","0","Units",,,10458820,,
"PRT","Portugal","YP99TLL1_ST","Population (hist5) All ages","TT","All persons","A","Annual","2004","2004","PER","Persons","0","Units",,,10483860,,
"PRT","Portugal","YP99TLL1_ST","Population (hist5) All ages","TT","All persons","A","Annual","2005","2005","PER","Persons","0","Units",,,10503330,,
"PRT","Portugal","YP99TLL1_ST","Population (hist5) All ages","TT","All persons","A","Annual","2006","2006","PER","Persons","0","Units",,,10522290,,
"PRT","Portugal","YP99TLL1_ST","Population (hist5) All ages","TT","All persons","A","Annual","2007","2007","PER","Persons","0","Units",,,10542960,,
"PRT","Portugal","YP99TLL1_ST","Population (hist5) All ages","TT","All persons","A","Annual","2008","2008","PER","Persons","0","Units",,,10558180,,
"PRT","Portugal","YP99TLL1_ST","Population (hist5) All ages","TT","All persons","A","Annual","2009","2009","PER","Persons","0","Units",,,10568250,,
"PRT","Portugal","YP99TLL1_ST","Population (hist5) All ages","TT","All persons","A","Annual","2010","2010","PER","Persons","0","Units",,,10573100,,
"PRT","Portugal","YP99TLL1_ST","Population (hist5) All ages","TT","All persons","A","Annual","2011","2011","PER","Persons","0","Units",,,10557560,,
"PRT","Portugal","YP99TLL1_ST","Population (hist5) All ages","TT","All persons","A","Annual","2012","2012","PER","Persons","0","Units",,,10514840,,
"PRT","Portugal","YP99TLL1_ST","Population (hist5) All ages","TT","All persons","A","Annual","2013","2013","PER","Persons","0","Units",,,10457300,"B","Break"
"BEL","Belgium","YP99TLL1_ST","Population (hist5) All ages","TT","All persons","A","Annual","2000","2000","PER","Persons","0","Units",,,10251250,,
"BEL","Belgium","YP99TLL1_ST","Population (hist5) All ages","TT","All persons","A","Annual","2001","2001","PER","Persons","0","Units",,,10286570,,
"BEL","Belgium","YP99TLL1_ST","Population (hist5) All ages","TT","All persons","A","Annual","2002","2002","PER","Persons","0","Units",,,10332780,,
"BEL","Belgium","YP99TLL1_ST","Population (hist5) All ages","TT","All persons","A","Annual","2003","2003","PER","Persons","0","Units",,,10376130,,
"BEL","Belgium","YP99TLL1_ST","Population (hist5) All ages","TT","All persons","A","Annual","2004","2004","PER","Persons","0","Units",,,10421140,,
"BEL","Belgium","YP99TLL1_ST","Population (hist5) All ages","TT","All persons","A","Annual","2005","2005","PER","Persons","0","Units",,,10478620,,
"BEL","Belgium","YP99TLL1_ST","Population (hist5) All ages","TT","All persons","A","Annual","2006","2006","PER","Persons","0","Units",,,10547960,,
"BEL","Belgium","YP99TLL1_ST","Population (hist5) All ages","TT","All persons","A","Annual","2007","2007","PER","Persons","0","Units",,,10625700,,
"BEL","Belgium","YP99TLL1_ST","Population (hist5) All ages","TT","All persons","A","Annual","2008","2008","PER","Persons","0","Units",,,10709970,,
"BEL","Belgium","YP99TLL1_ST","Population (hist5) All ages","TT","All persons","A","Annual","2009","2009","PER","Persons","0","Units",,,10796490,,
"BEL","Belgium","YP99TLL1_ST","Population (hist5) All ages","TT","All persons","A","Annual","2010","2010","PER","Persons","0","Units",,,10920270,,
"BEL","Belgium","YP99TLL1_ST","Population (hist5) All ages","TT","All persons","A","Annual","2011","2011","PER","Persons","0","Units",,,11047740,,
"BEL","Belgium","YP99TLL1_ST","Population (hist5) All ages","TT","All persons","A","Annual","2012","2012","PER","Persons","0","Units",,,11128250,"B","Break"
"AUS","Australia","YP99TLL1_ST","Population (hist5) All ages","TT","All persons","A","Annual","2000","2000","PER","Persons","0","Units",,,19029000,,
"AUS","Australia","YP99TLL1_ST","Population (hist5) All ages","TT","All persons","A","Annual","2001","2001","PER","Persons","0","Units",,,19275000,,
"AUS","Australia","YP99TLL1_ST","Population (hist5) All ages","TT","All persons","A","Annual","2002","2002","PER","Persons","0","Units",,,19495000,,
"AUS","Australia","YP99TLL1_ST","Population (hist5) All ages","TT","All persons","A","Annual","2003","2003","PER","Persons","0","Units",,,19721000,,
"AUS","Australia","YP99TLL1_ST","Population (hist5) All ages","TT","All persons","A","Annual","2004","2004","PER","Persons","0","Units",,,19933000,,
"AUS","Australia","YP99TLL1_ST","Population (hist5) All ages","TT","All persons","A","Annual","2005","2005","PER","Persons","0","Units",,,20177000,,
"AUS","Australia","YP99TLL1_ST","Population (hist5) All ages","TT","All persons","A","Annual","2006","2006","PER","Persons","0","Units",,,20451000,,
"AUS","Australia","YP99TLL1_ST","Population (hist5) All ages","TT","All persons","A","Annual","2007","2007","PER","Persons","0","Units",,,20828000,,
"AUS","Australia","YP99TLL1_ST","Population (hist5) All ages","TT","All persons","A","Annual","2008","2008","PER","Persons","0","Units",,,21249000,,
"AUS","Australia","YP99TLL1_ST","Population (hist5) All ages","TT","All persons","A","Annual","2009","2009","PER","Persons","0","Units",,,21692000,,
"AUS","Australia","YP99TLL1_ST","Population (hist5) All ages","TT","All persons","A","Annual","2010","2010","PER","Persons","0","Units",,,22032000,,
"AUS","Australia","YP99TLL1_ST","Population (hist5) All ages","TT","All persons","A","Annual","2011","2011","PER","Persons","0","Units",,,22340000,,
"AUS","Australia","YP99TLL1_ST","Population (hist5) All ages","TT","All persons","A","Annual","2012","2012","PER","Persons","0","Units",,,22728000,,
"AUS","Australia","YP99TLL1_ST","Population (hist5) All ages","TT","All persons","A","Annual","2013","2013","PER","Persons","0","Units",,,23126000,,
"AUS","Australia","YP99TLL1_ST","Population (hist5) All ages","TT","All persons","A","Annual","2014","2014","PER","Persons","0","Units",,,23491000,"B","Break"
"TUR","Turkey","YP99TLL1_ST","Population (hist5) All ages","TT","All persons","A","Annual","2000","2000","PER","Persons","0","Units",,,64268750,,
"TUR","Turkey","YP99TLL1_ST","Population (hist5) All ages","TT","All persons","A","Annual","2001","2001","PER","Persons","0","Units",,,65166330,,
"TUR","Turkey","YP99TLL1_ST","Population (hist5) All ages","TT","All persons","A","Annual","2002","2002","PER","Persons","0","Units",,,66002500,,
"TUR","Turkey","YP99TLL1_ST","Population (hist5) All ages","TT","All persons","A","Annual","2003","2003","PER","Persons","0","Units",,,66794550,,
"TUR","Turkey","YP99TLL1_ST","Population (hist5) All ages","TT","All persons","A","Annual","2004","2004","PER","Persons","0","Units",,,67598740,,
"TUR","Turkey","YP99TLL1_ST","Population (hist5) All ages","TT","All persons","A","Annual","2005","2005","PER","Persons","0","Units",,,68435380,,
"TUR","Turkey","YP99TLL1_ST","Population (hist5) All ages","TT","All persons","A","Annual","2006","2006","PER","Persons","0","Units",,,69295260,,
"TUR","Turkey","YP99TLL1_ST","Population (hist5) All ages","TT","All persons","A","Annual","2007","2007","PER","Persons","0","Units",,,70158110,,
"TUR","Turkey","YP99TLL1_ST","Population (hist5) All ages","TT","All persons","A","Annual","2008","2008","PER","Persons","0","Units",,,71051680,,
"TUR","Turkey","YP99TLL1_ST","Population (hist5) All ages","TT","All persons","A","Annual","2009","2009","PER","Persons","0","Units",,,72039210,,
"TUR","Turkey","YP99TLL1_ST","Population (hist5) All ages","TT","All persons","A","Annual","2010","2010","PER","Persons","0","Units",,,73142150,,
"TUR","Turkey","YP99TLL1_ST","Population (hist5) All ages","TT","All persons","A","Annual","2011","2011","PER","Persons","0","Units",,,74223630,,
"TUR","Turkey","YP99TLL1_ST","Population (hist5) All ages","TT","All persons","A","Annual","2012","2012","PER","Persons","0","Units",,,75175820,,
"TUR","Turkey","YP99TLL1_ST","Population (hist5) All ages","TT","All persons","A","Annual","2013","2013","PER","Persons","0","Units",,,76054620,,
"NLD","Netherlands","YP99TLL1_ST","Population (hist5) All ages","TT","All persons","A","Annual","2000","2000","PER","Persons","0","Units",,,15925510,,
"NLD","Netherlands","YP99TLL1_ST","Population (hist5) All ages","TT","All persons","A","Annual","2001","2001","PER","Persons","0","Units",,,16046180,,
"NLD","Netherlands","YP99TLL1_ST","Population (hist5) All ages","TT","All persons","A","Annual","2002","2002","PER","Persons","0","Units",,,16148930,,
"NLD","Netherlands","YP99TLL1_ST","Population (hist5) All ages","TT","All persons","A","Annual","2003","2003","PER","Persons","0","Units",,,16225300,,
"NLD","Netherlands","YP99TLL1_ST","Population (hist5) All ages","TT","All persons","A","Annual","2004","2004","PER","Persons","0","Units",,,16281780,,
"NLD","Netherlands","YP99TLL1_ST","Population (hist5) All ages","TT","All persons","A","Annual","2005","2005","PER","Persons","0","Units",,,16319870,,
"NLD","Netherlands","YP99TLL1_ST","Population (hist5) All ages","TT","All persons","A","Annual","2006","2006","PER","Persons","0","Units",,,16346100,,
"NLD","Netherlands","YP99TLL1_ST","Population (hist5) All ages","TT","All persons","A","Annual","2007","2007","PER","Persons","0","Units",,,16381700,,
"NLD","Netherlands","YP99TLL1_ST","Population (hist5) All ages","TT","All persons","A","Annual","2008","2008","PER","Persons","0","Units",,,16445590,,
"NLD","Netherlands","YP99TLL1_ST","Population (hist5) All ages","TT","All persons","A","Annual","2009","2009","PER","Persons","0","Units",,,16530390,,
"NLD","Netherlands","YP99TLL1_ST","Population (hist5) All ages","TT","All persons","A","Annual","2010","2010","PER","Persons","0","Units",,,16615390,,
"NLD","Netherlands","YP99TLL1_ST","Population (hist5) All ages","TT","All persons","A","Annual","2011","2011","PER","Persons","0","Units",,,16693070,,
"NLD","Netherlands","YP99TLL1_ST","Population (hist5) All ages","TT","All persons","A","Annual","2012","2012","PER","Persons","0","Units",,,16754960,,
"NLD","Netherlands","YP99TLL1_ST","Population (hist5) All ages","TT","All persons","A","Annual","2013","2013","PER","Persons","0","Units",,,16804430,"B","Break"
"GRC","Greece","YP99TLL1_ST","Population (hist5) All ages","TT","All persons","A","Annual","2000","2000","PER","Persons","0","Units",,,10917480,,
"GRC","Greece","YP99TLL1_ST","Population (hist5) All ages","TT","All persons","A","Annual","2001","2001","PER","Persons","0","Units",,,10950000,,
"GRC","Greece","YP99TLL1_ST","Population (hist5) All ages","TT","All persons","A","Annual","2002","2002","PER","Persons","0","Units",,,10983000,,
"GRC","Greece","YP99TLL1_ST","Population (hist5) All ages","TT","All persons","A","Annual","2003","2003","PER","Persons","0","Units",,,11016000,,
"GRC","Greece","YP99TLL1_ST","Population (hist5) All ages","TT","All persons","A","Annual","2004","2004","PER","Persons","0","Units",,,11057000,,
"GRC","Greece","YP99TLL1_ST","Population (hist5) All ages","TT","All persons","A","Annual","2005","2005","PER","Persons","0","Units",,,11093000,,
"GRC","Greece","YP99TLL1_ST","Population (hist5) All ages","TT","All persons","A","Annual","2006","2006","PER","Persons","0","Units",,,11131000,,
"GRC","Greece","YP99TLL1_ST","Population (hist5) All ages","TT","All persons","A","Annual","2007","2007","PER","Persons","0","Units",,,11163000,,
"GRC","Greece","YP99TLL1_ST","Population (hist5) All ages","TT","All persons","A","Annual","2008","2008","PER","Persons","0","Units",,,11186000,,
"GRC","Greece","YP99TLL1_ST","Population (hist5) All ages","TT","All persons","A","Annual","2009","2009","PER","Persons","0","Units",,,11185000,,
"GRC","Greece","YP99TLL1_ST","Population (hist5) All ages","TT","All persons","A","Annual","2010","2010","PER","Persons","0","Units",,,11153000,,
"GRC","Greece","YP99TLL1_ST","Population (hist5) All ages","TT","All persons","A","Annual","2011","2011","PER","Persons","0","Units",,,11124000,,
"GRC","Greece","YP99TLL1_ST","Population (hist5) All ages","TT","All persons","A","Annual","2012","2012","PER","Persons","0","Units",,,11090000,"B","Break"
"POL","Poland","YP99TLL1_ST","Population (hist5) All ages","TT","All persons","A","Annual","2000","2000","PER","Persons","0","Units",,,38255940,,
"POL","Poland","YP99TLL1_ST","Population (hist5) All ages","TT","All persons","A","Annual","2001","2001","PER","Persons","0","Units",,,38250790,,
"POL","Poland","YP99TLL1_ST","Population (hist5) All ages","TT","All persons","A","Annual","2002","2002","PER","Persons","0","Units",,,38232300,,
"POL","Poland","YP99TLL1_ST","Population (hist5) All ages","TT","All persons","A","Annual","2003","2003","PER","Persons","0","Units",,,38195180,,
"POL","Poland","YP99TLL1_ST","Population (hist5) All ages","TT","All persons","A","Annual","2004","2004","PER","Persons","0","Units",,,38180250,,
"POL","Poland","YP99TLL1_ST","Population (hist5) All ages","TT","All persons","A","Annual","2005","2005","PER","Persons","0","Units",,,38161310,,
"POL","Poland","YP99TLL1_ST","Population (hist5) All ages","TT","All persons","A","Annual","2006","2006","PER","Persons","0","Units",,,38132280,,
"POL","Poland","YP99TLL1_ST","Population (hist5) All ages","TT","All persons","A","Annual","2007","2007","PER","Persons","0","Units",,,38115970,,
"POL","Poland","YP99TLL1_ST","Population (hist5) All ages","TT","All persons","A","Annual","2008","2008","PER","Persons","0","Units",,,38115910,,
"POL","Poland","YP99TLL1_ST","Population (hist5) All ages","TT","All persons","A","Annual","2009","2009","PER","Persons","0","Units",,,38153390,,
"POL","Poland","YP99TLL1_ST","Population (hist5) All ages","TT","All persons","A","Annual","2010","2010","PER","Persons","0","Units",,,38516690,,
"POL","Poland","YP99TLL1_ST","Population (hist5) All ages","TT","All persons","A","Annual","2011","2011","PER","Persons","0","Units",,,38525670,,
"POL","Poland","YP99TLL1_ST","Population (hist5) All ages","TT","All persons","A","Annual","2012","2012","PER","Persons","0","Units",,,38533790,"B","Break"
"IRL","Ireland","YP99TLL1_ST","Population (hist5) All ages","TT","All persons","A","Annual","2000","2000","PER","Persons","0","Units",,,3789500,,
"IRL","Ireland","YP99TLL1_ST","Population (hist5) All ages","TT","All persons","A","Annual","2001","2001","PER","Persons","0","Units",,,3847200,,
"IRL","Ireland","YP99TLL1_ST","Population (hist5) All ages","TT","All persons","A","Annual","2002","2002","PER","Persons","0","Units",,,3917200,,
"IRL","Ireland","YP99TLL1_ST","Population (hist5) All ages","TT","All persons","A","Annual","2003","2003","PER","Persons","0","Units",,,3979900,,
"IRL","Ireland","YP99TLL1_ST","Population (hist5) All ages","TT","All persons","A","Annual","2004","2004","PER","Persons","0","Units",,,4045200,,
"IRL","Ireland","YP99TLL1_ST","Population (hist5) All ages","TT","All persons","A","Annual","2005","2005","PER","Persons","0","Units",,,4133800,,
"IRL","Ireland","YP99TLL1_ST","Population (hist5) All ages","TT","All persons","A","Annual","2006","2006","PER","Persons","0","Units",,,4232900,,
"IRL","Ireland","YP99TLL1_ST","Population (hist5) All ages","TT","All persons","A","Annual","2007","2007","PER","Persons","0","Units",,,4375800,,
"IRL","Ireland","YP99TLL1_ST","Population (hist5) All ages","TT","All persons","A","Annual","2008","2008","PER","Persons","0","Units",,,4485100,,
"IRL","Ireland","YP99TLL1_ST","Population (hist5) All ages","TT","All persons","A","Annual","2009","2009","PER","Persons","0","Units",,,4533400,,
"IRL","Ireland","YP99TLL1_ST","Population (hist5) All ages","TT","All persons","A","Annual","2010","2010","PER","Persons","0","Units",,,4554800,,
"IRL","Ireland","YP99TLL1_ST","Population (hist5) All ages","TT","All persons","A","Annual","2011","2011","PER","Persons","0","Units",,,4574900,,
"IRL","Ireland","YP99TLL1_ST","Population (hist5) All ages","TT","All persons","A","Annual","2012","2012","PER","Persons","0","Units",,,4585400,,
"IRL","Ireland","YP99TLL1_ST","Population (hist5) All ages","TT","All persons","A","Annual","2013","2013","PER","Persons","0","Units",,,4593100,,
"IRL","Ireland","YP99TLL1_ST","Population (hist5) All ages","TT","All persons","A","Annual","2014","2014","PER","Persons","0","Units",,,4609600,"B","Break"
"FIN","Finland","YP99TLL1_ST","Population (hist5) All ages","TT","All persons","A","Annual","2000","2000","PER","Persons","0","Units",,,5175000,,
"FIN","Finland","YP99TLL1_ST","Population (hist5) All ages","TT","All persons","A","Annual","2001","2001","PER","Persons","0","Units",,,5187000,,
"FIN","Finland","YP99TLL1_ST","Population (hist5) All ages","TT","All persons","A","Annual","2002","2002","PER","Persons","0","Units",,,5200000,,
"FIN","Finland","YP99TLL1_ST","Population (hist5) All ages","TT","All persons","A","Annual","2003","2003","PER","Persons","0","Units",,,5211000,,
"FIN","Finland","YP99TLL1_ST","Population (hist5) All ages","TT","All persons","A","Annual","2004","2004","PER","Persons","0","Units",,,5227000,,
"FIN","Finland","YP99TLL1_ST","Population (hist5) All ages","TT","All persons","A","Annual","2005","2005","PER","Persons","0","Units",,,5248000,,
"FIN","Finland","YP99TLL1_ST","Population (hist5) All ages","TT","All persons","A","Annual","2006","2006","PER","Persons","0","Units",,,5267000,,
"FIN","Finland","YP99TLL1_ST","Population (hist5) All ages","TT","All persons","A","Annual","2007","2007","PER","Persons","0","Units",,,5290000,,
"FIN","Finland","YP99TLL1_ST","Population (hist5) All ages","TT","All persons","A","Annual","2008","2008","PER","Persons","0","Units",,,5313000,,
"FIN","Finland","YP99TLL1_ST","Population (hist5) All ages","TT","All persons","A","Annual","2009","2009","PER","Persons","0","Units",,,5338000,,
"FIN","Finland","YP99TLL1_ST","Population (hist5) All ages","TT","All persons","A","Annual","2010","2010","PER","Persons","0","Units",,,5362000,,
"FIN","Finland","YP99TLL1_ST","Population (hist5) All ages","TT","All persons","A","Annual","2011","2011","PER","Persons","0","Units",,,5386000,,
"FIN","Finland","YP99TLL1_ST","Population (hist5) All ages","TT","All persons","A","Annual","2012","2012","PER","Persons","0","Units",,,5413000,,
"FIN","Finland","YP99TLL1_ST","Population (hist5) All ages","TT","All persons","A","Annual","2013","2013","PER","Persons","0","Units",,,5440000,"B","Break"
"DEU","Germany","YP99TLL1_ST","Population (hist5) All ages","TT","All persons","A","Annual","2000","2000","PER","Persons","0","Units",,,82211500,,
"DEU","Germany","YP99TLL1_ST","Population (hist5) All ages","TT","All persons","A","Annual","2001","2001","PER","Persons","0","Units",,,82349930,,
"DEU","Germany","YP99TLL1_ST","Population (hist5) All ages","TT","All persons","A","Annual","2002","2002","PER","Persons","0","Units",,,82488500,,
"DEU","Germany","YP99TLL1_ST","Population (hist5) All ages","TT","All persons","A","Annual","2003","2003","PER","Persons","0","Units",,,82534180,,
"DEU","Germany","YP99TLL1_ST","Population (hist5) All ages","TT","All persons","A","Annual","2004","2004","PER","Persons","0","Units",,,82516260,,
"DEU","Germany","YP99TLL1_ST","Population (hist5) All ages","TT","All persons","A","Annual","2005","2005","PER","Persons","0","Units",,,82469420,,
"DEU","Germany","YP99TLL1_ST","Population (hist5) All ages","TT","All persons","A","Annual","2006","2006","PER","Persons","0","Units",,,82376450,,
"DEU","Germany","YP99TLL1_ST","Population (hist5) All ages","TT","All persons","A","Annual","2007","2007","PER","Persons","0","Units",,,82266370,,
"DEU","Germany","YP99TLL1_ST","Population (hist5) All ages","TT","All persons","A","Annual","2008","2008","PER","Persons","0","Units",,,82110100,,
"DEU","Germany","YP99TLL1_ST","Population (hist5) All ages","TT","All persons","A","Annual","2009","2009","PER","Persons","0","Units",,,81902300,,
"DEU","Germany","YP99TLL1_ST","Population (hist5) All ages","TT","All persons","A","Annual","2010","2010","PER","Persons","0","Units",,,81776930,,
"DEU","Germany","YP99TLL1_ST","Population (hist5) All ages","TT","All persons","A","Annual","2011","2011","PER","Persons","0","Units",,,81039750,,
"DEU","Germany","YP99TLL1_ST","Population (hist5) All ages","TT","All persons","A","Annual","2012","2012","PER","Persons","0","Units",,,80425820,,
"DEU","Germany","YP99TLL1_ST","Population (hist5) All ages","TT","All persons","A","Annual","2013","2013","PER","Persons","0","Units",,,80645610,"B","Break"
"CAN","Canada","YP99TLL1_ST","Population (hist5) All ages","TT","All persons","A","Annual","2000","2000","PER","Persons","0","Units",,,30685730,,
"CAN","Canada","YP99TLL1_ST","Population (hist5) All ages","TT","All persons","A","Annual","2001","2001","PER","Persons","0","Units",,,31019020,,
"CAN","Canada","YP99TLL1_ST","Population (hist5) All ages","TT","All persons","A","Annual","2002","2002","PER","Persons","0","Units",,,31353660,,
"CAN","Canada","YP99TLL1_ST","Population (hist5) All ages","TT","All persons","A","Annual","2003","2003","PER","Persons","0","Units",,,31639670,,
"CAN","Canada","YP99TLL1_ST","Population (hist5) All ages","TT","All persons","A","Annual","2004","2004","PER","Persons","0","Units",,,31940680,,
"CAN","Canada","YP99TLL1_ST","Population (hist5) All ages","TT","All persons","A","Annual","2005","2005","PER","Persons","0","Units",,,32245210,,
"CAN","Canada","YP99TLL1_ST","Population (hist5) All ages","TT","All persons","A","Annual","2006","2006","PER","Persons","0","Units",,,32576070,,
"CAN","Canada","YP99TLL1_ST","Population (hist5) All ages","TT","All persons","A","Annual","2007","2007","PER","Persons","0","Units",,,32927520,,
"CAN","Canada","YP99TLL1_ST","Population (hist5) All ages","TT","All persons","A","Annual","2008","2008","PER","Persons","0","Units",,,33317660,,
"CAN","Canada","YP99TLL1_ST","Population (hist5) All ages","TT","All persons","A","Annual","2009","2009","PER","Persons","0","Units",,,33726920,,
"CAN","Canada","YP99TLL1_ST","Population (hist5) All ages","TT","All persons","A","Annual","2010","2010","PER","Persons","0","Units",,,34126550,,
"CAN","Canada","YP99TLL1_ST","Population (hist5) All ages","TT","All persons","A","Annual","2011","2011","PER","Persons","0","Units",,,34483980,,
"CAN","Canada","YP99TLL1_ST","Population (hist5) All ages","TT","All persons","A","Annual","2012","2012","PER","Persons","0","Units",,,34880490,"B","Break"
"COL","Colombia","YP99TLL1_ST","Population (hist5) All ages","TT","All persons","A","Annual","2000","2000","PER","Persons","0","Units",,,40295560,,
"COL","Colombia","YP99TLL1_ST","Population (hist5) All ages","TT","All persons","A","Annual","2001","2001","PER","Persons","0","Units",,,40813540,,
"COL","Colombia","YP99TLL1_ST","Population (hist5) All ages","TT","All persons","A","Annual","2002","2002","PER","Persons","0","Units",,,41328820,,
"COL","Colombia","YP99TLL1_ST","Population (hist5) All ages","TT","All persons","A","Annual","2003","2003","PER","Persons","0","Units",,,41848960,,
"COL","Colombia","YP99TLL1_ST","Population (hist5) All ages","TT","All persons","A","Annual","2004","2004","PER","Persons","0","Units",,,42368490,,
"COL","Colombia","YP99TLL1_ST","Population (hist5) All ages","TT","All persons","A","Annual","2005","2005","PER","Persons","0","Units",,,42888590,,
"COL","Colombia","YP99TLL1_ST","Population (hist5) All ages","TT","All persons","A","Annual","2006","2006","PER","Persons","0","Units",,,43405960,,
"COL","Colombia","YP99TLL1_ST","Population (hist5) All ages","TT","All persons","A","Annual","2007","2007","PER","Persons","0","Units",,,43926930,,
"COL","Colombia","YP99TLL1_ST","Population (hist5) All ages","TT","All persons","A","Annual","2008","2008","PER","Persons","0","Units",,,44451150,,
"COL","Colombia","YP99TLL1_ST","Population (hist5) All ages","TT","All persons","A","Annual","2009","2009","PER","Persons","0","Units",,,44978830,,
"COL","Colombia","YP99TLL1_ST","Population (hist5) All ages","TT","All persons","A","Annual","2010","2010","PER","Persons","0","Units",,,45509580,,
"COL","Colombia","YP99TLL1_ST","Population (hist5) All ages","TT","All persons","A","Annual","2011","2011","PER","Persons","0","Units",,,46044600,,
"COL","Colombia","YP99TLL1_ST","Population (hist5) All ages","TT","All persons","A","Annual","2012","2012","PER","Persons","0","Units",,,46581820,,
"COL","Colombia","YP99TLL1_ST","Population (hist5) All ages","TT","All persons","A","Annual","2013","2013","PER","Persons","0","Units",,,47121090,,
"RUS","Russia","YP99TLL1_ST","Population (hist5) All ages","TT","All persons","A","Annual","2000","2000","PER","Persons","0","Units",,,146597000,,
"RUS","Russia","YP99TLL1_ST","Population (hist5) All ages","TT","All persons","A","Annual","2001","2001","PER","Persons","0","Units",,,145976000,,
"RUS","Russia","YP99TLL1_ST","Population (hist5) All ages","TT","All persons","A","Annual","2002","2002","PER","Persons","0","Units",,,145306000,,
"RUS","Russia","YP99TLL1_ST","Population (hist5) All ages","TT","All persons","A","Annual","2003","2003","PER","Persons","0","Units",,,144649000,,
"RUS","Russia","YP99TLL1_ST","Population (hist5) All ages","TT","All persons","A","Annual","2004","2004","PER","Persons","0","Units",,,144067000,,
"RUS","Russia","YP99TLL1_ST","Population (hist5) All ages","TT","All persons","A","Annual","2005","2005","PER","Persons","0","Units",,,143519000,,
"RUS","Russia","YP99TLL1_ST","Population (hist5) All ages","TT","All persons","A","Annual","2006","2006","PER","Persons","0","Units",,,143050000,,
"RUS","Russia","YP99TLL1_ST","Population (hist5) All ages","TT","All persons","A","Annual","2007","2007","PER","Persons","0","Units",,,142805000,,
"RUS","Russia","YP99TLL1_ST","Population (hist5) All ages","TT","All persons","A","Annual","2008","2008","PER","Persons","0","Units",,,142742000,,
"RUS","Russia","YP99TLL1_ST","Population (hist5) All ages","TT","All persons","A","Annual","2009","2009","PER","Persons","0","Units",,,142785000,,
"RUS","Russia","YP99TLL1_ST","Population (hist5) All ages","TT","All persons","A","Annual","2010","2010","PER","Persons","0","Units",,,142849000,,
"RUS","Russia","YP99TLL1_ST","Population (hist5) All ages","TT","All persons","A","Annual","2011","2011","PER","Persons","0","Units",,,142961000,,
"RUS","Russia","YP99TLL1_ST","Population (hist5) All ages","TT","All persons","A","Annual","2012","2012","PER","Persons","0","Units",,,143207000,,
"RUS","Russia","YP99TLL1_ST","Population (hist5) All ages","TT","All persons","A","Annual","2013","2013","PER","Persons","0","Units",,,143507000,,
"CHN","China (People's Republic of)","YP99TLL1_ST","Population (hist5) All ages","TT","All persons","A","Annual","2000","2000","PER","Persons","0","Units",,,1280429000,,
"CHN","China (People's Republic of)","YP99TLL1_ST","Population (hist5) All ages","TT","All persons","A","Annual","2001","2001","PER","Persons","0","Units",,,1287890000,,
"CHN","China (People's Republic of)","YP99TLL1_ST","Population (hist5) All ages","TT","All persons","A","Annual","2002","2002","PER","Persons","0","Units",,,1295322000,,
"CHN","China (People's Republic of)","YP99TLL1_ST","Population (hist5) All ages","TT","All persons","A","Annual","2003","2003","PER","Persons","0","Units",,,1302810000,,
"CHN","China (People's Republic of)","YP99TLL1_ST","Population (hist5) All ages","TT","All persons","A","Annual","2004","2004","PER","Persons","0","Units",,,1310414000,,
"CHN","China (People's Republic of)","YP99TLL1_ST","Population (hist5) All ages","TT","All persons","A","Annual","2005","2005","PER","Persons","0","Units",,,1318177000,,
"CHN","China (People's Republic of)","YP99TLL1_ST","Population (hist5) All ages","TT","All persons","A","Annual","2006","2006","PER","Persons","0","Units",,,1326146000,,
"CHN","China (People's Republic of)","YP99TLL1_ST","Population (hist5) All ages","TT","All persons","A","Annual","2007","2007","PER","Persons","0","Units",,,1334344000,,
"CHN","China (People's Republic of)","YP99TLL1_ST","Population (hist5) All ages","TT","All persons","A","Annual","2008","2008","PER","Persons","0","Units",,,1342733000,,
"CHN","China (People's Republic of)","YP99TLL1_ST","Population (hist5) All ages","TT","All persons","A","Annual","2009","2009","PER","Persons","0","Units",,,1351248000,,
"CHN","China (People's Republic of)","YP99TLL1_ST","Population (hist5) All ages","TT","All persons","A","Annual","2010","2010","PER","Persons","0","Units",,,1359821000,,
"CHN","China (People's Republic of)","YP99TLL1_ST","Population (hist5) All ages","TT","All persons","A","Annual","2011","2011","PER","Persons","0","Units",,,1368440000,,
"CHN","China (People's Republic of)","YP99TLL1_ST","Population (hist5) All ages","TT","All persons","A","Annual","2012","2012","PER","Persons","0","Units",,,1377065000,,
"CHN","China (People's Republic of)","YP99TLL1_ST","Population (hist5) All ages","TT","All persons","A","Annual","2013","2013","PER","Persons","0","Units",,,1385567000,,
"IND","India","YP99TLL1_ST","Population (hist5) All ages","TT","All persons","A","Annual","2000","2000","PER","Persons","0","Units",,,1042262000,,
"IND","India","YP99TLL1_ST","Population (hist5) All ages","TT","All persons","A","Annual","2001","2001","PER","Persons","0","Units",,,1059501000,,
"IND","India","YP99TLL1_ST","Population (hist5) All ages","TT","All persons","A","Annual","2002","2002","PER","Persons","0","Units",,,1076706000,,
"IND","India","YP99TLL1_ST","Population (hist5) All ages","TT","All persons","A","Annual","2003","2003","PER","Persons","0","Units",,,1093787000,,
"IND","India","YP99TLL1_ST","Population (hist5) All ages","TT","All persons","A","Annual","2004","2004","PER","Persons","0","Units",,,1110626000,,
"IND","India","YP99TLL1_ST","Population (hist5) All ages","TT","All persons","A","Annual","2005","2005","PER","Persons","0","Units",,,1127144000,,
"IND","India","YP99TLL1_ST","Population (hist5) All ages","TT","All persons","A","Annual","2006","2006","PER","Persons","0","Units",,,1143289000,,
"IND","India","YP99TLL1_ST","Population (hist5) All ages","TT","All persons","A","Annual","2007","2007","PER","Persons","0","Units",,,1159095000,,
"IND","India","YP99TLL1_ST","Population (hist5) All ages","TT","All persons","A","Annual","2008","2008","PER","Persons","0","Units",,,1174662000,,
"IND","India","YP99TLL1_ST","Population (hist5) All ages","TT","All persons","A","Annual","2009","2009","PER","Persons","0","Units",,,1190138000,,
"IND","India","YP99TLL1_ST","Population (hist5) All ages","TT","All persons","A","Annual","2010","2010","PER","Persons","0","Units",,,1205625000,,
"IND","India","YP99TLL1_ST","Population (hist5) All ages","TT","All persons","A","Annual","2011","2011","PER","Persons","0","Units",,,1221156000,,
"IND","India","YP99TLL1_ST","Population (hist5) All ages","TT","All persons","A","Annual","2012","2012","PER","Persons","0","Units",,,1236687000,,
"IND","India","YP99TLL1_ST","Population (hist5) All ages","TT","All persons","A","Annual","2013","2013","PER","Persons","0","Units",,,1252140000,,
"IDN","Indonesia","YP99TLL1_ST","Population (hist5) All ages","TT","All persons","A","Annual","2000","2000","PER","Persons","0","Units",,,208938700,,
"IDN","Indonesia","YP99TLL1_ST","Population (hist5) All ages","TT","All persons","A","Annual","2001","2001","PER","Persons","0","Units",,,211970400,,
"IDN","Indonesia","YP99TLL1_ST","Population (hist5) All ages","TT","All persons","A","Annual","2002","2002","PER","Persons","0","Units",,,215038300,,
"IDN","Indonesia","YP99TLL1_ST","Population (hist5) All ages","TT","All persons","A","Annual","2003","2003","PER","Persons","0","Units",,,218145600,,
"IDN","Indonesia","YP99TLL1_ST","Population (hist5) All ages","TT","All persons","A","Annual","2004","2004","PER","Persons","0","Units",,,221293800,,
"IDN","Indonesia","YP99TLL1_ST","Population (hist5) All ages","TT","All persons","A","Annual","2005","2005","PER","Persons","0","Units",,,224480900,,
"IDN","Indonesia","YP99TLL1_ST","Population (hist5) All ages","TT","All persons","A","Annual","2006","2006","PER","Persons","0","Units",,,227709800,,
"IDN","Indonesia","YP99TLL1_ST","Population (hist5) All ages","TT","All persons","A","Annual","2007","2007","PER","Persons","0","Units",,,230972800,,
"IDN","Indonesia","YP99TLL1_ST","Population (hist5) All ages","TT","All persons","A","Annual","2008","2008","PER","Persons","0","Units",,,234243500,,
"IDN","Indonesia","YP99TLL1_ST","Population (hist5) All ages","TT","All persons","A","Annual","2009","2009","PER","Persons","0","Units",,,237486900,,
"IDN","Indonesia","YP99TLL1_ST","Population (hist5) All ages","TT","All persons","A","Annual","2010","2010","PER","Persons","0","Units",,,240676500,,
"IDN","Indonesia","YP99TLL1_ST","Population (hist5) All ages","TT","All persons","A","Annual","2011","2011","PER","Persons","0","Units",,,243801600,,
"IDN","Indonesia","YP99TLL1_ST","Population (hist5) All ages","TT","All persons","A","Annual","2012","2012","PER","Persons","0","Units",,,246864200,,
"IDN","Indonesia","YP99TLL1_ST","Population (hist5) All ages","TT","All persons","A","Annual","2013","2013","PER","Persons","0","Units",,,249865600,,
"WLD","World","YP99TLL1_ST","Population (hist5) All ages","TT","All persons","A","Annual","2000","2000","PER","Persons","0","Units",,,6127700000,,
"WLD","World","YP99TLL1_ST","Population (hist5) All ages","TT","All persons","A","Annual","2001","2001","PER","Persons","0","Units",,,6204147000,,
"WLD","World","YP99TLL1_ST","Population (hist5) All ages","TT","All persons","A","Annual","2002","2002","PER","Persons","0","Units",,,6280854000,,
"WLD","World","YP99TLL1_ST","Population (hist5) All ages","TT","All persons","A","Annual","2003","2003","PER","Persons","0","Units",,,6357992000,,
"WLD","World","YP99TLL1_ST","Population (hist5) All ages","TT","All persons","A","Annual","2004","2004","PER","Persons","0","Units",,,6435705000,,
"WLD","World","YP99TLL1_ST","Population (hist5) All ages","TT","All persons","A","Annual","2005","2005","PER","Persons","0","Units",,,6514095000,,
"WLD","World","YP99TLL1_ST","Population (hist5) All ages","TT","All persons","A","Annual","2006","2006","PER","Persons","0","Units",,,6593228000,,
"WLD","World","YP99TLL1_ST","Population (hist5) All ages","TT","All persons","A","Annual","2007","2007","PER","Persons","0","Units",,,6673106000,,
"WLD","World","YP99TLL1_ST","Population (hist5) All ages","TT","All persons","A","Annual","2008","2008","PER","Persons","0","Units",,,6753649000,,
"WLD","World","YP99TLL1_ST","Population (hist5) All ages","TT","All persons","A","Annual","2009","2009","PER","Persons","0","Units",,,6834722000,,
"WLD","World","YP99TLL1_ST","Population (hist5) All ages","TT","All persons","A","Annual","2010","2010","PER","Persons","0","Units",,,6916184000,,
"WLD","World","YP99TLL1_ST","Population (hist5) All ages","TT","All persons","A","Annual","2011","2011","PER","Persons","0","Units",,,6997999000,,
"WLD","World","YP99TLL1_ST","Population (hist5) All ages","TT","All persons","A","Annual","2012","2012","PER","Persons","0","Units",,,7080072000,,
"WLD","World","YP99TLL1_ST","Population (hist5) All ages","TT","All persons","A","Annual","2013","2013","PER","Persons","0","Units",,,7162120000,,
"OECD","OECD - Total","YP99TLL1_ST","Population (hist5) All ages","TT","All persons","A","Annual","2000","2000","PER","Persons","0","Units",,,1152639000,,
"OECD","OECD - Total","YP99TLL1_ST","Population (hist5) All ages","TT","All persons","A","Annual","2001","2001","PER","Persons","0","Units",,,1160624000,"B","Break"
"OECD","OECD - Total","YP99TLL1_ST","Population (hist5) All ages","TT","All persons","A","Annual","2002","2002","PER","Persons","0","Units",,,1168022000,,
"OECD","OECD - Total","YP99TLL1_ST","Population (hist5) All ages","TT","All persons","A","Annual","2003","2003","PER","Persons","0","Units",,,1176212000,,
"OECD","OECD - Total","YP99TLL1_ST","Population (hist5) All ages","TT","All persons","A","Annual","2004","2004","PER","Persons","0","Units",,,1184415000,,
"OECD","OECD - Total","YP99TLL1_ST","Population (hist5) All ages","TT","All persons","A","Annual","2005","2005","PER","Persons","0","Units",,,1192754000,,
"OECD","OECD - Total","YP99TLL1_ST","Population (hist5) All ages","TT","All persons","A","Annual","2006","2006","PER","Persons","0","Units",,,1201155000,,
"OECD","OECD - Total","YP99TLL1_ST","Population (hist5) All ages","TT","All persons","A","Annual","2007","2007","PER","Persons","0","Units",,,1210194000,,
"OECD","OECD - Total","YP99TLL1_ST","Population (hist5) All ages","TT","All persons","A","Annual","2008","2008","PER","Persons","0","Units",,,1219475000,,
"OECD","OECD - Total","YP99TLL1_ST","Population (hist5) All ages","TT","All persons","A","Annual","2009","2009","PER","Persons","0","Units",,,1227932000,,
"OECD","OECD - Total","YP99TLL1_ST","Population (hist5) All ages","TT","All persons","A","Annual","2010","2010","PER","Persons","0","Units",,,1236914000,"B","Break"
"OECD","OECD - Total","YP99TLL1_ST","Population (hist5) All ages","TT","All persons","A","Annual","2011","2011","PER","Persons","0","Units",,,1243751000,"B","Break"
"OECD","OECD - Total","YP99TLL1_ST","Population (hist5) All ages","TT","All persons","A","Annual","2012","2012","PER","Persons","0","Units",,,1250277000,,
"OECD","OECD - Total","YP99TLL1_ST","Population (hist5) All ages","TT","All persons","A","Annual","2013","2013","PER","Persons","0","Units",,,1257114000,,
"G-7","G7","YP99TLL1_ST","Population (hist5) All ages","TT","All persons","A","Annual","2000","2000","PER","Persons","0","Units",,,696876200,,
"G-7","G7","YP99TLL1_ST","Population (hist5) All ages","TT","All persons","A","Annual","2001","2001","PER","Persons","0","Units",,,701195300,"B","Break"
"G-7","G7","YP99TLL1_ST","Population (hist5) All ages","TT","All persons","A","Annual","2002","2002","PER","Persons","0","Units",,,704523300,,
"G-7","G7","YP99TLL1_ST","Population (hist5) All ages","TT","All persons","A","Annual","2003","2003","PER","Persons","0","Units",,,708648000,,
"G-7","G7","YP99TLL1_ST","Population (hist5) All ages","TT","All persons","A","Annual","2004","2004","PER","Persons","0","Units",,,713008000,,
"G-7","G7","YP99TLL1_ST","Population (hist5) All ages","TT","All persons","A","Annual","2005","2005","PER","Persons","0","Units",,,717378800,,
"G-7","G7","YP99TLL1_ST","Population (hist5) All ages","TT","All persons","A","Annual","2006","2006","PER","Persons","0","Units",,,721644000,,
"G-7","G7","YP99TLL1_ST","Population (hist5) All ages","TT","All persons","A","Annual","2007","2007","PER","Persons","0","Units",,,726018200,,
"G-7","G7","YP99TLL1_ST","Population (hist5) All ages","TT","All persons","A","Annual","2008","2008","PER","Persons","0","Units",,,730328600,,
"G-7","G7","YP99TLL1_ST","Population (hist5) All ages","TT","All persons","A","Annual","2009","2009","PER","Persons","0","Units",,,734142700,,
"G-7","G7","YP99TLL1_ST","Population (hist5) All ages","TT","All persons","A","Annual","2010","2010","PER","Persons","0","Units",,,738623400,"B","Break"
"G-7","G7","YP99TLL1_ST","Population (hist5) All ages","TT","All persons","A","Annual","2011","2011","PER","Persons","0","Units",,,741329200,,
"G-7","G7","YP99TLL1_ST","Population (hist5) All ages","TT","All persons","A","Annual","2012","2012","PER","Persons","0","Units",,,744222400,"B","Break"
"G-7","G7","YP99TLL1_ST","Population (hist5) All ages","TT","All persons","A","Annual","2013","2013","PER","Persons","0","Units",,,747961100,,
